Ticker,Year,EPSIE
AAL,2009,-4.99
AAL,2010,-1.41
AAL,2011,-5.91
AAL,2012,-5.6
AAL,2013,-11.25
AAL,2014,3.93
AAL,2015,11.07
AAL,2016,4.81
AAL,2017,3.9
AAL,2018,3.03
PNW,2009,0.67
PNW,2010,3.27
PNW,2011,3.09
PNW,2012,3.45
PNW,2013,3.66
PNW,2014,3.58
PNW,2015,3.92
PNW,2016,3.95
PNW,2017,4.35
PNW,2018,4.54
ABT,2009,3.69
ABT,2010,2.96
ABT,2011,3.01
ABT,2012,3.72
ABT,2013,1.62
ABT,2014,1.49
ABT,2015,2.92
ABT,2016,0.94
ABT,2017,0.27
ABT,2018,1.33
AMD,2009,0.45
AMD,2010,0.64
AMD,2011,0.66
AMD,2012,-1.6
AMD,2013,-0.11
AMD,2014,-0.53
AMD,2015,-0.84
AMD,2016,-0.6
AMD,2017,0.04
AMD,2018,0.32
APD,2009,2.96
APD,2010,4.74
APD,2011,5.63
APD,2012,5.44
APD,2013,4.68
APD,2014,4.61
APD,2015,5.88
APD,2016,2.89
APD,2017,13.65
APD,2018,6.78
ALK,2009,3.36
ALK,2010,6.83
ALK,2011,6.66
ALK,2012,4.4
ALK,2013,7.16
ALK,2014,4.42
ALK,2015,6.56
ALK,2016,6.54
ALK,2017,8.35
ALK,2018,3.52
HON,2009,2.85
HON,2010,2.59
HON,2011,2.61
HON,2012,3.69
HON,2013,4.92
HON,2014,5.33
HON,2015,6.04
HON,2016,6.2
HON,2017,2.14
HON,2018,8.98
SWKS,2009,0.55
SWKS,2010,0.75
SWKS,2011,1.19
SWKS,2012,1.05
SWKS,2013,1.45
SWKS,2014,2.38
SWKS,2015,4.1
SWKS,2016,5.18
SWKS,2017,5.41
SWKS,2018,5.01
HES,2009,2.27
HES,2010,6.47
HES,2011,5.01
HES,2012,5.95
HES,2013,14.82
HES,2014,7.53
HES,2015,-10.78
HES,2016,-19.92
HES,2017,-13.12
HES,2018,-1.1
AEP,2009,2.96
AEP,2010,2.53
AEP,2011,4.02
AEP,2012,2.6
AEP,2013,3.04
AEP,2014,3.34
AEP,2015,4.17
AEP,2016,1.24
AEP,2017,3.88
AEP,2018,3.9
AXP,2009,
AXP,2009,1.54
AXP,2010,
AXP,2010,3.35
AXP,2011,
AXP,2011,4.12
AXP,2012,
AXP,2012,3.89
AXP,2013,
AXP,2013,4.88
AXP,2014,
AXP,2014,5.56
AXP,2015,
AXP,2015,5.05
AXP,2016,
AXP,2016,5.65
AXP,2017,
AXP,2017,2.97
AXP,2018,
AXP,2018,7.91
AFL,2009,
AFL,2009,3.19
AFL,2010,
AFL,2010,4.95
AFL,2011,
AFL,2011,4.18
AFL,2012,
AFL,2012,6.11
AFL,2013,
AFL,2013,6.76
AFL,2014,
AFL,2014,6.5
AFL,2015,
AFL,2015,5.85
AFL,2016,
AFL,2016,6.42
AFL,2017,
AFL,2017,11.54
AFL,2018,
AFL,2018,3.77
AIG,2009,
AIG,2009,-18.28
AIG,2010,
AIG,2010,11.51
AIG,2011,
AIG,2011,9.44
AIG,2012,
AIG,2012,2.04
AIG,2013,
AIG,2013,6.13
AIG,2014,
AIG,2014,5.2
AIG,2015,
AIG,2015,1.65
AIG,2016,
AIG,2016,-0.78
AIG,2017,
AIG,2017,-6.54
AIG,2018,
AIG,2018,-0.01
AME,2009,1.91
AME,2010,1.76
AME,2011,2.37
AME,2012,1.88
AME,2013,2.1
AME,2014,2.37
AME,2015,2.45
AME,2016,2.19
AME,2017,2.94
AME,2018,3.34
AMGN,2009,4.51
AMGN,2010,4.79
AMGN,2011,4.04
AMGN,2012,5.52
AMGN,2013,6.64
AMGN,2014,6.7
AMGN,2015,9.06
AMGN,2016,10.24
AMGN,2017,2.69
AMGN,2018,12.62
ADI,2009,0.85
ADI,2010,2.33
ADI,2011,2.81
ADI,2012,2.13
ADI,2013,2.14
ADI,2014,1.98
ADI,2015,2.2
ADI,2016,2.76
ADI,2017,2.07
ADI,2018,3.97
APA,2009,-0.87
APA,2010,8.46
APA,2011,11.47
APA,2012,4.92
APA,2013,5.5
APA,2014,-14.06
APA,2015,-61.2
APA,2016,-3.71
APA,2017,3.41
APA,2018,0.11
AAPL,2009,9.08
AAPL,2010,15.15
AAPL,2011,27.68
AAPL,2012,44.15
AAPL,2013,39.75
AAPL,2014,6.45
AAPL,2015,9.22
AAPL,2016,8.31
AAPL,2017,9.21
AAPL,2018,11.91
AMAT,2009,-0.23
AMAT,2010,0.7
AMAT,2011,1.45
AMAT,2012,0.09
AMAT,2013,0.21
AMAT,2014,0.87
AMAT,2015,1.12
AMAT,2016,1.54
AMAT,2017,3.17
AMAT,2018,3.23
ADM,2009,2.65
ADM,2010,3
ADM,2011,3.13
ADM,2012,1.84
ADM,2013,2.02
ADM,2014,3.43
ADM,2015,2.98
ADM,2016,2.16
ADM,2017,2.79
ADM,2018,3.19
ADSK,2008,0.8
ADSK,2009,0.25
ADSK,2010,0.9
ADSK,2011,1.22
ADSK,2012,1.07
ADSK,2013,1
ADSK,2014,0.35
ADSK,2015,-1.46
ADSK,2016,-2.61
ADSK,2017,-2.58
ADSK,2018,-0.37
ADP,2009,2.63
ADP,2010,2.4
ADP,2011,2.52
ADP,2012,2.82
ADP,2013,2.89
ADP,2014,3.14
ADP,2015,3.05
ADP,2016,3.25
ADP,2017,3.85
ADP,2018,3.66
AVY,2009,-7.21
AVY,2010,2.97
AVY,2011,1.78
AVY,2012,2.08
AVY,2013,2.16
AVY,2014,2.6
AVY,2015,2.95
AVY,2016,3.54
AVY,2017,3.13
AVY,2018,5.28
BLL,2009,4.08
BLL,2010,5.1
BLL,2011,2.63
BLL,2012,2.55
BLL,2013,2.73
BLL,2014,3.3
BLL,2015,1.99
BLL,2016,1.63
BLL,2017,1.05
BLL,2018,1.29
BK,2009,
BK,2009,-1.16
BK,2010,
BK,2010,2.06
BK,2011,
BK,2011,2.03
BK,2012,
BK,2012,2.03
BK,2013,
BK,2013,1.74
BK,2014,
BK,2014,2.15
BK,2015,
BK,2015,2.71
BK,2016,
BK,2016,3.15
BK,2017,
BK,2017,3.72
BK,2018,
BK,2018,4.04
BAX,2009,3.59
BAX,2010,2.39
BAX,2011,3.88
BAX,2012,4.18
BAX,2013,3.66
BAX,2014,4.56
BAX,2015,1.76
BAX,2016,9.01
BAX,2017,1.29
BAX,2018,2.97
BDX,2009,4.99
BDX,2010,5.49
BDX,2011,5.62
BDX,2012,5.59
BDX,2013,6.49
BDX,2014,5.99
BDX,2015,3.35
BDX,2016,4.49
BDX,2017,4.6
BDX,2018,0.6
VZ,2009,1.29
VZ,2010,0.9
VZ,2011,0.85
VZ,2012,0.31
VZ,2013,4
VZ,2014,2.42
VZ,2015,4.37
VZ,2016,3.21
VZ,2017,7.36
VZ,2018,3.76
BRK.B,2009,
BRK.B,2009,5193
BRK.B,2010,
BRK.B,2010,5.29
BRK.B,2011,
BRK.B,2011,4.14
BRK.B,2012,
BRK.B,2012,5.98
BRK.B,2013,
BRK.B,2013,7.9
BRK.B,2014,
BRK.B,2014,8.06
BRK.B,2015,
BRK.B,2015,9.77
BRK.B,2016,
BRK.B,2016,9.76
BRK.B,2017,
BRK.B,2017,18.22
BRK.B,2018,
BRK.B,2018,1.63
BBY,2008,2.39
BBY,2009,3.1
BBY,2010,3.08
BBY,2011,-3.36
BBY,2012,-1.31
BBY,2013,1.53
BBY,2014,3.49
BBY,2015,2.56
BBY,2016,3.81
BBY,2017,3.26
BBY,2018,5.2
HRB,2008,1.45
HRB,2009,1.43
HRB,2010,1.31
HRB,2011,0.89
HRB,2012,1.58
HRB,2013,1.72
HRB,2014,1.71
HRB,2015,1.49
HRB,2016,1.91
HRB,2017,2.91
HRB,2018,2.04
BA,2009,1.84
BA,2010,4.45
BA,2011,5.34
BA,2012,5.11
BA,2013,5.96
BA,2014,7.38
BA,2015,7.44
BA,2016,7.61
BA,2017,13.43
BA,2018,17.85
RHI,2009,0.24
RHI,2010,0.44
RHI,2011,1.04
RHI,2012,1.5
RHI,2013,1.83
RHI,2014,2.26
RHI,2015,2.69
RHI,2016,2.67
RHI,2017,2.33
RHI,2018,3.57
BMY,2009,5.34
BMY,2010,1.8
BMY,2011,2.16
BMY,2012,1.16
BMY,2013,1.54
BMY,2014,1.2
BMY,2015,0.93
BMY,2016,2.65
BMY,2017,0.61
BMY,2018,3.01
BF.B,2008,2.87
BF.B,2009,3.02
BF.B,2010,3.9
BF.B,2011,3.56
BF.B,2012,2.75
BF.B,2013,3.06
BF.B,2014,3.21
BF.B,2015,5.22
BF.B,2016,1.71
BF.B,2017,1.48
BF.B,2018,1.73
CI,2009,
CI,2009,4.73
CI,2010,
CI,2010,4.89
CI,2011,
CI,2011,4.84
CI,2012,
CI,2012,5.61
CI,2013,
CI,2013,5.18
CI,2014,
CI,2014,7.83
CI,2015,
CI,2015,8.04
CI,2016,
CI,2016,7.19
CI,2017,
CI,2017,8.77
CI,2018,
CI,2018,10.54
CSX,2009,2.91
CSX,2010,4.06
CSX,2011,1.67
CSX,2012,1.79
CSX,2013,1.83
CSX,2014,1.92
CSX,2015,2
CSX,2016,1.81
CSX,2017,5.99
CSX,2018,3.84
CPB,2009,2.06
CPB,2010,2.42
CPB,2011,2.42
CPB,2012,2.41
CPB,2013,1.44
CPB,2014,2.59
CPB,2015,2.21
CPB,2016,1.81
CPB,2017,2.89
CPB,2018,0.86
STZ,2008,-1.38
STZ,2009,0.45
STZ,2010,2.62
STZ,2011,2.13
STZ,2012,2.04
STZ,2013,9.83
STZ,2014,4.17
STZ,2015,5.18
STZ,2016,7.52
STZ,2017,11.55
STZ,2018,17.57
CAH,2009,3.18
CAH,2010,1.77
CAH,2011,2.72
CAH,2012,3.06
CAH,2013,0.97
CAH,2014,3.38
CAH,2015,3.62
CAH,2016,4.32
CAH,2017,4.03
CAH,2018,0.81
CAT,2009,1.43
CAT,2010,4.15
CAT,2011,7.4
CAT,2012,8.48
CAT,2013,5.75
CAT,2014,5.88
CAT,2015,3.5
CAT,2016,-0.11
CAT,2017,1.26
CAT,2018,10.26
CTL,2009,3.23
CTL,2010,3.13
CTL,2011,1.07
CTL,2012,1.25
CTL,2013,-0.4
CTL,2014,1.36
CTL,2015,1.58
CTL,2016,1.16
CTL,2017,2.21
CTL,2018,-1.63
JPM,2009,
JPM,2009,2.26
JPM,2010,
JPM,2010,3.96
JPM,2011,
JPM,2011,4.48
JPM,2012,
JPM,2012,5.2
JPM,2013,
JPM,2013,4.35
JPM,2014,
JPM,2014,5.29
JPM,2015,
JPM,2015,6
JPM,2016,
JPM,2016,6.19
JPM,2017,
JPM,2017,6.31
JPM,2018,
JPM,2018,9
CVX,2009,5.24
CVX,2010,9.48
CVX,2011,13.44
CVX,2012,13.32
CVX,2013,11.09
CVX,2014,10.14
CVX,2015,2.45
CVX,2016,-0.27
CVX,2017,4.85
CVX,2018,7.74
CHD,2009,3.41
CHD,2010,3.75
CHD,2011,2.12
CHD,2012,2.45
CHD,2013,2.79
CHD,2014,3.01
CHD,2015,3.07
CHD,2016,1.75
CHD,2017,2.9
CHD,2018,2.27
CTAS,2008,1.48
CTAS,2009,1.4
CTAS,2010,1.68
CTAS,2011,2.27
CTAS,2012,2.52
CTAS,2013,3.05
CTAS,2014,3.63
CTAS,2015,6.21
CTAS,2016,4.38
CTAS,2017,7.56
CLX,2009,3.81
CLX,2010,4.24
CLX,2011,4.02
CLX,2012,4.09
CLX,2013,4.3
CLX,2014,4.23
CLX,2015,4.37
CLX,2016,4.92
CLX,2017,5.33
CLX,2018,6.26
KO,2009,2.93
KO,2010,5.06
KO,2011,3.69
KO,2012,1.97
KO,2013,1.9
KO,2014,1.6
KO,2015,1.67
KO,2016,1.49
KO,2017,0.29
KO,2018,1.5
CL,2009,4.37
CL,2010,4.31
CL,2011,4.94
CL,2012,5.15
CL,2013,2.38
CL,2014,2.36
CL,2015,1.52
CL,2016,2.72
CL,2017,2.28
CL,2018,2.75
AON,2009,
AON,2009,2.57
AON,2010,
AON,2010,2.37
AON,2011,
AON,2011,2.87
AON,2012,
AON,2012,2.99
AON,2013,
AON,2013,3.53
AON,2014,
AON,2014,4.66
AON,2015,
AON,2015,4.88
AON,2016,
AON,2016,5.16
AON,2017,
AON,2017,4.7
AON,2018,
AON,2018,4.59
CMCSA,2009,1.26
CMCSA,2010,1.29
CMCSA,2011,1.5
CMCSA,2012,2.28
CMCSA,2013,2.56
CMCSA,2014,3.2
CMCSA,2015,3.24
CMCSA,2016,3.57
CMCSA,2017,4.75
CMCSA,2018,2.53
CMA,2009,
CMA,2009,-0.79
CMA,2010,
CMA,2010,0.88
CMA,2011,
CMA,2011,2.09
CMA,2012,
CMA,2012,2.67
CMA,2013,
CMA,2013,2.85
CMA,2014,
CMA,2014,3.16
CMA,2015,
CMA,2015,2.84
CMA,2016,
CMA,2016,2.68
CMA,2017,
CMA,2017,4.14
CMA,2018,
CMA,2018,7.2
C,2009,
C,2009,-0.8
C,2010,
C,2010,0.35
C,2011,
C,2011,3.63
C,2012,
C,2012,2.44
C,2013,
C,2013,4.35
C,2014,
C,2014,2.2
C,2015,
C,2015,5.4
C,2016,
C,2016,4.72
C,2017,
C,2017,-2.98
C,2018,
C,2018,6.68
DXC,2008,7.31
DXC,2009,5.28
DXC,2010,4.73
DXC,2011,-27.37
DXC,2012,6.18
DXC,2013,6.28
DXC,2014,-0.05
DXC,2015,1.78
DXC,2016,-0.88
DXC,2017,6.04
DXC,2018,4.47
CAG,2008,2.15
CAG,2009,1.62
CAG,2010,1.88
CAG,2011,1.12
CAG,2012,1.85
CAG,2013,0.7
CAG,2014,-0.6
CAG,2015,-1.56
CAG,2016,1.46
CAG,2017,1.98
CAG,2018,1.52
ED,2009,3.14
ED,2010,3.47
ED,2011,3.57
ED,2012,3.86
ED,2013,3.61
ED,2014,3.71
ED,2015,4.05
ED,2016,4.12
ED,2017,4.94
ED,2018,4.42
CMS,2009,0.91
CMS,2010,1.28
CMS,2011,1.58
CMS,2012,1.42
CMS,2013,1.66
CMS,2014,1.74
CMS,2015,1.89
CMS,2016,1.98
CMS,2017,1.64
CMS,2018,2.32
COO,2009,2.21
COO,2010,2.43
COO,2011,3.63
COO,2012,5.05
COO,2013,5.96
COO,2014,5.51
COO,2015,4.14
COO,2016,5.59
COO,2017,7.52
COO,2018,2.81
TAP,2009,3.87
TAP,2010,3.78
TAP,2011,3.63
TAP,2012,2.44
TAP,2013,3.08
TAP,2014,2.76
TAP,2015,1.93
TAP,2016,9.26
TAP,2017,6.53
TAP,2018,5.15
GLW,2009,1.28
GLW,2010,2.25
GLW,2011,1.77
GLW,2012,1.15
GLW,2013,1.34
GLW,2014,1.73
GLW,2015,1
GLW,2016,3.23
GLW,2017,-0.66
GLW,2018,1.13
CMI,2009,2.16
CMI,2010,5.28
CMI,2011,9.55
CMI,2012,8.67
CMI,2013,7.91
CMI,2014,9.02
CMI,2015,7.84
CMI,2016,8.23
CMI,2017,5.97
CMI,2018,13.15
DHR,2009,3.46
DHR,2010,2.64
DHR,2011,3.11
DHR,2012,3.36
DHR,2013,3.8
DHR,2014,3.63
DHR,2015,4.74
DHR,2016,3.65
DHR,2017,3.53
DHR,2018,3.74
TGT,2008,2.86
TGT,2009,3.3
TGT,2010,4
TGT,2011,4.28
TGT,2012,4.52
TGT,2013,3.07
TGT,2014,-2.56
TGT,2015,5.31
TGT,2016,4.7
TGT,2017,5.33
TGT,2018,5.51
DE,2009,2.06
DE,2010,4.35
DE,2011,6.63
DE,2012,7.63
DE,2013,9.09
DE,2014,8.63
DE,2015,5.77
DE,2016,4.81
DE,2017,6.68
DE,2018,7.24
DAL,2009,-1.5
DAL,2010,0.7
DAL,2011,1.01
DAL,2012,1.19
DAL,2013,12.29
DAL,2014,0.78
DAL,2015,5.63
DAL,2016,5.79
DAL,2017,4.95
DAL,2018,5.67
DTE,2009,3.24
DTE,2010,3.74
DTE,2011,4.18
DTE,2012,3.55
DTE,2013,3.76
DTE,2014,5.1
DTE,2015,4.05
DTE,2016,4.83
DTE,2017,6.32
DTE,2018,6.17
DIS,2009,1.76
DIS,2010,2.03
DIS,2011,2.52
DIS,2012,3.13
DIS,2013,3.38
DIS,2014,4.26
DIS,2015,4.9
DIS,2016,5.73
DIS,2017,5.69
DIS,2018,8.36
DG,2008,
DG,2009,1.04
DG,2010,1.82
DG,2011,2.22
DG,2012,2.85
DG,2013,3.17
DG,2014,3.49
DG,2015,3.95
DG,2016,4.43
DG,2017,5.63
DG,2018,5.97
D,2009,2.17
D,2010,4.76
D,2011,2.45
D,2012,0.53
D,2013,2.93
D,2014,2.24
D,2015,3.2
D,2016,3.44
D,2017,4.72
D,2018,3.74
DOV,2009,1.91
DOV,2010,3.7
DOV,2011,4.74
DOV,2012,4.41
DOV,2013,5.78
DOV,2014,4.59
DOV,2015,5.46
DOV,2016,3.25
DOV,2017,5.15
DOV,2018,3.75
DD,2009,0.32
DD,2010,1.72
DD,2011,2.05
DD,2012,0.7
DD,2013,3.68
DD,2014,2.87
DD,2015,6.15
DD,2016,3.52
DD,2017,0.91
DD,2018,1.65
OMC,2009,2.53
OMC,2010,2.7
OMC,2011,3.33
OMC,2012,3.61
OMC,2013,3.71
OMC,2014,4.24
OMC,2015,4.41
OMC,2016,4.78
OMC,2017,4.65
OMC,2018,5.83
DUK,2009,0.83
DUK,2010,1
DUK,2011,1.28
DUK,2012,3.07
DUK,2013,3.76
DUK,2014,2.66
DUK,2015,4.05
DUK,2016,3.11
DUK,2017,4.36
DUK,2018,3.76
FLS,2009,7.59
FLS,2010,6.88
FLS,2011,7.64
FLS,2012,8.51
FLS,2013,3.41
FLS,2014,3.76
FLS,2015,2
FLS,2016,1.01
FLS,2017,0.02
FLS,2018,0.91
PKI,2009,0.73
PKI,2010,3.25
PKI,2011,0.07
PKI,2012,0.61
PKI,2013,1.47
PKI,2014,1.39
PKI,2015,1.87
PKI,2016,2.12
PKI,2017,2.64
PKI,2018,2.13
ETN,2009,2.27
ETN,2010,5.46
ETN,2011,3.93
ETN,2012,3.46
ETN,2013,3.9
ETN,2014,3.76
ETN,2015,4.23
ETN,2016,4.21
ETN,2017,6.68
ETN,2018,4.91
ECL,2009,1.74
ECL,2010,2.23
ECL,2011,1.91
ECL,2012,2.35
ECL,2013,3.16
ECL,2014,3.93
ECL,2015,3.32
ECL,2016,4.14
ECL,2017,5.13
ECL,2018,4.88
EMR,2009,2.27
EMR,2010,2.84
EMR,2011,3.27
EMR,2012,2.67
EMR,2013,2.76
EMR,2014,3.03
EMR,2015,3.99
EMR,2016,2.52
EMR,2017,2.35
EMR,2018,3.46
ATO,2009,2.08
ATO,2010,2.2
ATO,2011,2.27
ATO,2012,2.37
ATO,2013,2.64
ATO,2014,2.96
ATO,2015,3.09
ATO,2016,3.38
ATO,2017,3.73
ATO,2018,5.43
EFX,2009,1.83
EFX,2010,2.11
EFX,2011,1.88
EFX,2012,2.22
EFX,2013,2.84
EFX,2014,2.97
EFX,2015,3.55
EFX,2016,4.04
EFX,2017,4.83
EFX,2018,2.47
EXPD,2009,1.11
EXPD,2010,1.59
EXPD,2011,1.79
EXPD,2012,1.57
EXPD,2013,1.68
EXPD,2014,1.92
EXPD,2015,2.4
EXPD,2016,2.36
EXPD,2017,2.69
EXPD,2018,3.48
XOM,2009,3.98
XOM,2010,6.22
XOM,2011,8.42
XOM,2012,9.7
XOM,2013,7.37
XOM,2014,7.6
XOM,2015,3.85
XOM,2016,1.88
XOM,2017,4.63
XOM,2018,4.88
FMC,2009,3.12
FMC,2010,2.36
FMC,2011,5.1
FMC,2012,3
FMC,2013,2.16
FMC,2014,2.29
FMC,2015,3.66
FMC,2016,1.56
FMC,2017,3.99
FMC,2018,3.69
NEE,2009,3.97
NEE,2010,4.74
NEE,2011,4.59
NEE,2012,4.56
NEE,2013,4.47
NEE,2014,5.6
NEE,2015,6.06
NEE,2016,6.25
NEE,2017,11.38
NEE,2018,13.88
FDX,2008,0.31
FDX,2009,3.76
FDX,2010,4.57
FDX,2011,6.41
FDX,2012,4.91
FDX,2013,6.75
FDX,2014,3.65
FDX,2015,6.51
FDX,2016,11.07
FDX,2017,16.79
FDX,2018,2.03
FRT,2009,
FRT,2009,1.63
FRT,2010,
FRT,2010,1.98
FRT,2011,
FRT,2011,2.28
FRT,2012,
FRT,2012,2.35
FRT,2013,
FRT,2013,2.46
FRT,2014,
FRT,2014,2.41
FRT,2015,
FRT,2015,3.03
FRT,2016,
FRT,2016,3.5
FRT,2017,
FRT,2017,3.97
FRT,2018,
FRT,2018,3.18
M,2008,-11.4
M,2009,0.83
M,2010,1.98
M,2011,2.92
M,2012,3.24
M,2013,3.86
M,2014,4.22
M,2015,3.22
M,2016,1.99
M,2017,5.04
M,2018,3.56
FITB,2009,
FITB,2009,0.67
FITB,2010,
FITB,2010,0.63
FITB,2011,
FITB,2011,1.18
FITB,2012,
FITB,2012,1.66
FITB,2013,
FITB,2013,2.02
FITB,2014,
FITB,2014,1.66
FITB,2015,
FITB,2015,2.01
FITB,2016,
FITB,2016,1.93
FITB,2017,
FITB,2017,2.83
FITB,2018,
FITB,2018,3.06
RF,2009,
RF,2009,-1.27
RF,2010,
RF,2010,-0.62
RF,2011,
RF,2011,-0.34
RF,2012,
RF,2012,0.71
RF,2013,
RF,2013,0.77
RF,2014,
RF,2014,0.8
RF,2015,
RF,2015,0.75
RF,2016,
RF,2016,0.87
RF,2017,
RF,2017,1
RF,2018,
RF,2018,1.54
MTB,2009,
MTB,2009,2.89
MTB,2010,
MTB,2010,5.69
MTB,2011,
MTB,2011,6.35
MTB,2012,
MTB,2012,7.54
MTB,2013,
MTB,2013,8.2
MTB,2014,
MTB,2014,7.42
MTB,2015,
MTB,2015,7.18
MTB,2016,
MTB,2016,7.78
MTB,2017,
MTB,2017,8.7
MTB,2018,
MTB,2018,12.74
USB,2009,
USB,2009,0.97
USB,2010,
USB,2010,1.73
USB,2011,
USB,2011,2.46
USB,2012,
USB,2012,2.84
USB,2013,
USB,2013,3
USB,2014,
USB,2014,3.08
USB,2015,
USB,2015,3.16
USB,2016,
USB,2016,3.24
USB,2017,
USB,2017,3.51
USB,2018,
USB,2018,4.14
F,2009,0.86
F,2010,1.66
F,2011,4.94
F,2012,1.42
F,2013,1.76
F,2014,0.8
F,2015,1.84
F,2016,1.15
F,2017,1.9
F,2018,0.92
BEN,2009,
BEN,2009,3.87
BEN,2010,
BEN,2010,6.33
BEN,2011,
BEN,2011,8.62
BEN,2012,
BEN,2012,8.95
BEN,2013,
BEN,2013,3.37
BEN,2014,
BEN,2014,3.79
BEN,2015,
BEN,2015,3.29
BEN,2016,
BEN,2016,2.94
BEN,2017,
BEN,2017,3.01
BEN,2018,
BEN,2018,1.39
AJG,2009,1.28
AJG,2010,1.66
AJG,2011,1.28
AJG,2012,1.59
AJG,2013,2.06
AJG,2014,1.97
AJG,2015,2.06
AJG,2016,2.32
AJG,2017,2.54
AJG,2018,3.4
GPS,2008,1.34
GPS,2009,1.58
GPS,2010,1.88
GPS,2011,1.56
GPS,2012,2.33
GPS,2013,2.74
GPS,2014,2.87
GPS,2015,2.23
GPS,2016,1.69
GPS,2017,2.14
GPS,2018,2.59
GD,2009,6.17
GD,2010,6.81
GD,2011,6.87
GD,2012,-0.94
GD,2013,6.67
GD,2014,7.42
GD,2015,9.08
GD,2016,9.52
GD,2017,9.56
GD,2018,11.18
GE,2009,1.01
GE,2010,1.06
GE,2011,1.23
GE,2012,1.29
GE,2013,1.27
GE,2014,1.5
GE,2015,-0.61
GE,2016,0.89
GE,2017,-0.72
GE,2018,-2.62
GIS,2008,3.8
GIS,2009,4.48
GIS,2010,2.7
GIS,2011,2.35
GIS,2012,2.79
GIS,2013,2.83
GIS,2014,1.97
GIS,2015,2.77
GIS,2016,2.77
GIS,2017,3.64
GIS,2018,2.9
GM,2009,253.49
GM,2010,2.89
GM,2011,4.58
GM,2012,2.92
GM,2013,2.38
GM,2014,1.65
GM,2015,5.91
GM,2016,6
GM,2017,-2.6
GM,2018,5.53
GPC,2009,2.5
GPC,2010,3
GPC,2011,3.58
GPC,2012,4.14
GPC,2013,4.4
GPC,2014,4.61
GPC,2015,4.63
GPC,2016,4.59
GPC,2017,4.18
GPC,2018,5.5
GWW,2009,5.62
GWW,2010,6.93
GWW,2011,9.07
GWW,2012,9.52
GWW,2013,11.13
GWW,2014,11.45
GWW,2015,11.58
GWW,2016,9.87
GWW,2017,10.02
GWW,2018,13.73
HAL,2009,1.27
HAL,2010,2.01
HAL,2011,3.08
HAL,2012,2.84
HAL,2013,2.36
HAL,2014,4.11
HAL,2015,-0.79
HAL,2016,-6.69
HAL,2017,-0.53
HAL,2018,1.89
HAS,2009,2.48
HAS,2010,2.74
HAS,2011,2.82
HAS,2012,2.55
HAS,2013,2.17
HAS,2014,3.2
HAS,2015,3.57
HAS,2016,4.34
HAS,2017,3.12
HAS,2018,1.74
WELL,2009,
WELL,2009,1.49
WELL,2010,
WELL,2010,0.83
WELL,2011,
WELL,2011,0.9
WELL,2012,
WELL,2012,0.98
WELL,2013,
WELL,2013,0.28
WELL,2014,
WELL,2014,1.45
WELL,2015,
WELL,2015,2.34
WELL,2016,
WELL,2016,2.81
WELL,2017,
WELL,2017,1.26
WELL,2018,
WELL,2018,2.02
KHC,2008,2.9
KHC,2009,2.71
KHC,2010,3.06
KHC,2011,2.85
KHC,2012,3.14
KHC,2013,
KHC,2014,
KHC,2015,-0.34
KHC,2016,2.81
KHC,2017,8.95
KHC,2018,-8.36
HP,2009,3.32
HP,2010,1.45
HP,2011,3.99
HP,2012,5.34
HP,2013,6.79
HP,2014,6.46
HP,2015,3.87
HP,2016,-0.54
HP,2017,-1.2
HP,2018,4.37
HSY,2009,1.9
HSY,2010,2.21
HSY,2011,2.74
HSY,2012,2.89
HSY,2013,3.61
HSY,2014,3.77
HSY,2015,2.32
HSY,2016,3.34
HSY,2017,3.66
HSY,2018,5.58
HPQ,2009,3.14
HPQ,2010,3.69
HPQ,2011,3.32
HPQ,2012,-6.41
HPQ,2013,2.62
HPQ,2014,2.62
HPQ,2015,2.48
HPQ,2016,1.43
HPQ,2017,1.48
HPQ,2018,3.26
HLT,2009,
HLT,2010,
HLT,2011,0.26
HLT,2012,0.36
HLT,2013,0.42
HLT,2014,0.68
HLT,2015,1.42
HLT,2016,0.35
HLT,2017,3.85
HLT,2018,2.5
HFC,2009,0.39
HFC,2010,1.94
HFC,2011,6.42
HFC,2012,8.38
HFC,2013,3.64
HFC,2014,1.42
HFC,2015,3.9
HFC,2016,-1.48
HFC,2017,4.52
HFC,2018,6.19
HD,2008,1.34
HD,2009,1.57
HD,2010,2.01
HD,2011,2.47
HD,2012,3
HD,2013,3.76
HD,2014,4.71
HD,2015,5.46
HD,2016,6.45
HD,2017,7.29
HD,2018,9.73
HRL,2009,2.53
HRL,2010,2.92
HRL,2011,1.74
HRL,2012,1.86
HRL,2013,1.95
HRL,2014,2.23
HRL,2015,2.54
HRL,2016,1.64
HRL,2017,1.57
HRL,2018,1.86
CNP,2009,1.01
CNP,2010,1.07
CNP,2011,3.17
CNP,2012,0.97
CNP,2013,0.72
CNP,2014,1.42
CNP,2015,-1.61
CNP,2016,1
CNP,2017,4.13
CNP,2018,0.74
JBHT,2009,1.05
JBHT,2010,1.56
JBHT,2011,2.11
JBHT,2012,2.59
JBHT,2013,2.87
JBHT,2014,3.16
JBHT,2015,3.66
JBHT,2016,3.81
JBHT,2017,6.18
JBHT,2018,4.43
HBAN,2009,
HBAN,2009,-6.14
HBAN,2010,
HBAN,2010,0.19
HBAN,2011,
HBAN,2011,0.59
HBAN,2012,
HBAN,2012,0.71
HBAN,2013,
HBAN,2013,0.72
HBAN,2014,
HBAN,2014,0.72
HBAN,2015,
HBAN,2015,0.81
HBAN,2016,
HBAN,2016,0.7
HBAN,2017,
HBAN,2017,1
HBAN,2018,
HBAN,2018,1.2
ITW,2009,1.89
ITW,2010,3.03
ITW,2011,4.19
ITW,2012,6.06
ITW,2013,3.74
ITW,2014,7.28
ITW,2015,5.13
ITW,2016,5.7
ITW,2017,4.86
ITW,2018,7.6
IR,2009,1.37
IR,2010,1.89
IR,2011,1.01
IR,2012,3.28
IR,2013,2.07
IR,2014,3.4
IR,2015,2.48
IR,2016,5.65
IR,2017,5.05
IR,2018,5.35
INTC,2009,0.77
INTC,2010,2.01
INTC,2011,2.39
INTC,2012,2.13
INTC,2013,1.89
INTC,2014,2.31
INTC,2015,2.33
INTC,2016,2.12
INTC,2017,1.99
INTC,2018,4.48
IBM,2009,10.01
IBM,2010,11.52
IBM,2011,13.06
IBM,2012,14.37
IBM,2013,14.94
IBM,2014,11.9
IBM,2015,13.42
IBM,2016,12.38
IBM,2017,6.14
IBM,2018,9.52
IFF,2009,2.46
IFF,2010,3.26
IFF,2011,3.26
IFF,2012,3.09
IFF,2013,4.29
IFF,2014,5.06
IFF,2015,5.16
IFF,2016,5.05
IFF,2017,3.72
IFF,2018,3.79
IP,2009,1.55
IP,2010,1.48
IP,2011,3.07
IP,2012,1.8
IP,2013,3.11
IP,2014,1.29
IP,2015,2.23
IP,2016,2.18
IP,2017,5.13
IP,2018,4.85
IPG,2009,0.19
IPG,2010,0.47
IPG,2011,0.99
IPG,2012,0.94
IPG,2013,0.61
IPG,2014,1.12
IPG,2015,1.09
IPG,2016,1.49
IPG,2017,1.46
IPG,2018,1.59
JNJ,2009,4.4
JNJ,2010,4.78
JNJ,2011,3.49
JNJ,2012,3.86
JNJ,2013,4.81
JNJ,2014,5.7
JNJ,2015,5.48
JNJ,2016,5.93
JNJ,2017,0.47
JNJ,2018,5.61
JCI,2009,-0.57
JCI,2010,2.19
JCI,2011,2.36
JCI,2012,1.78
JCI,2013,1.71
JCI,2014,1.8
JCI,2015,2.36
JCI,2016,-1.3
JCI,2017,1.71
JCI,2018,2.32
KLAC,2009,-3.07
KLAC,2010,1.23
KLAC,2011,4.66
KLAC,2012,4.44
KLAC,2013,3.21
KLAC,2014,3.47
KLAC,2015,2.24
KLAC,2016,4.49
KLAC,2017,5.88
KLAC,2018,5.1
KMI,2009,
KMI,2010,
KMI,2011,0.84
KMI,2012,0.3
KMI,2013,1.15
KMI,2014,0.89
KMI,2015,0.1
KMI,2016,0.25
KMI,2017,0.01
KMI,2018,0.66
KSU,2009,0.61
KSU,2010,1.67
KSU,2011,3
KSU,2012,3.43
KSU,2013,3.18
KSU,2014,4.55
KSU,2015,4.4
KSU,2016,4.43
KSU,2017,9.16
KSU,2018,6.13
EVRG,2009,1.58
EVRG,2010,1.8
EVRG,2011,1.93
EVRG,2012,2.15
EVRG,2013,2.27
EVRG,2014,2.35
EVRG,2015,2.09
EVRG,2016,2.43
EVRG,2017,2.27
EVRG,2018,2.5
K,2009,3.16
K,2010,3.3
K,2011,3.38
K,2012,2.67
K,2013,4.94
K,2014,1.75
K,2015,1.72
K,2016,1.96
K,2017,3.62
K,2018,3.83
KMB,2009,4.52
KMB,2010,4.45
KMB,2011,3.99
KMB,2012,4.42
KMB,2013,5.53
KMB,2014,4.04
KMB,2015,2.77
KMB,2016,5.99
KMB,2017,6.4
KMB,2018,4.03
KR,2008,1.9
KR,2009,0.11
KR,2010,1.74
KR,2011,1.01
KR,2012,2.77
KR,2013,2.9
KR,2014,3.44
KR,2015,2.06
KR,2016,2.05
KR,2017,2.09
KR,2018,3.76
LRCX,2009,-2.41
LRCX,2010,2.71
LRCX,2011,5.79
LRCX,2012,1.35
LRCX,2013,0.66
LRCX,2014,3.62
LRCX,2015,3.7
LRCX,2016,5.22
LRCX,2017,9.24
LRCX,2018,13.17
LEG,2009,0.7
LEG,2010,1.15
LEG,2011,1.04
LEG,2012,1.7
LEG,2013,1.34
LEG,2014,0.68
LEG,2015,2.28
LEG,2016,2.76
LEG,2017,2.13
LEG,2018,2.26
LEN,2009,-2.45
LEN,2010,0.51
LEN,2011,0.48
LEN,2012,3.11
LEN,2013,2.15
LEN,2014,2.8
LEN,2015,3.46
LEN,2016,3.93
LEN,2017,3.38
LEN,2018,5.44
LLY,2009,3.94
LLY,2010,4.58
LLY,2011,3.9
LLY,2012,3.66
LLY,2013,4.32
LLY,2014,2.23
LLY,2015,2.26
LLY,2016,2.58
LLY,2017,-0.19
LLY,2018,3.13
LB,2008,0.65
LB,2009,1.37
LB,2010,2.42
LB,2011,2.7
LB,2012,2.54
LB,2013,3.05
LB,2014,3.5
LB,2015,4.22
LB,2016,3.98
LB,2017,3.42
LB,2018,2.31
LNC,2009,
LNC,2009,-1.85
LNC,2010,
LNC,2010,2.54
LNC,2011,
LNC,2011,0.92
LNC,2012,
LNC,2012,4.56
LNC,2013,
LNC,2013,4.52
LNC,2014,
LNC,2014,5.67
LNC,2015,
LNC,2015,4.51
LNC,2016,
LNC,2016,5.03
LNC,2017,
LNC,2017,9.22
LNC,2018,
LNC,2018,7.4
LMT,2009,7.78
LMT,2010,7.94
LMT,2011,7.81
LMT,2012,8.36
LMT,2013,9.13
LMT,2014,11.21
LMT,2015,11.46
LMT,2016,17.49
LMT,2017,6.89
LMT,2018,17.59
L,2009,
L,2009,1.3
L,2010,
L,2010,3.07
L,2011,
L,2011,2.63
L,2012,
L,2012,1.43
L,2013,
L,2013,1.53
L,2014,
L,2014,1.55
L,2015,
L,2015,0.72
L,2016,
L,2016,1.93
L,2017,
L,2017,3.45
L,2018,
L,2018,1.99
LOW,2008,1.49
LOW,2009,1.21
LOW,2010,1.42
LOW,2011,1.43
LOW,2012,1.69
LOW,2013,2.14
LOW,2014,2.71
LOW,2015,2.73
LOW,2016,3.47
LOW,2017,4.09
LOW,2018,2.84
MRO,2009,2.06
MRO,2010,3.61
MRO,2011,4.13
MRO,2012,2.23
MRO,2013,2.47
MRO,2014,4.46
MRO,2015,-3.26
MRO,2016,-2.61
MRO,2017,-6.73
MRO,2018,1.29
HST,2009,
HST,2009,-0.45
HST,2010,
HST,2010,-0.21
HST,2011,
HST,2011,-0.02
HST,2012,
HST,2012,0.09
HST,2013,
HST,2013,0.42
HST,2014,
HST,2014,0.96
HST,2015,
HST,2015,0.74
HST,2016,
HST,2016,1.02
HST,2017,
HST,2017,0.76
HST,2018,
HST,2018,1.47
MMC,2009,0.43
MMC,2010,1.55
MMC,2011,1.79
MMC,2012,2.13
MMC,2013,2.43
MMC,2014,2.65
MMC,2015,2.98
MMC,2016,3.38
MMC,2017,2.87
MMC,2018,3.23
MAS,2009,-0.53
MAS,2010,-3
MAS,2011,-1.66
MAS,2012,-0.33
MAS,2013,0.76
MAS,2014,2.38
MAS,2015,1.02
MAS,2016,1.47
MAS,2017,1.66
MAS,2018,2.37
MKC,2009,2.27
MKC,2010,2.75
MKC,2011,2.79
MKC,2012,3.04
MKC,2013,2.91
MKC,2014,3.34
MKC,2015,3.11
MKC,2016,3.69
MKC,2017,3.72
MKC,2018,7
MCD,2009,4.11
MCD,2010,4.58
MCD,2011,5.27
MCD,2012,5.36
MCD,2013,5.55
MCD,2014,4.82
MCD,2015,4.8
MCD,2016,5.44
MCD,2017,6.37
MCD,2018,7.54
SPGI,2009,2.33
SPGI,2010,2.65
SPGI,2011,3
SPGI,2012,1.53
SPGI,2013,4.91
SPGI,2014,-0.42
SPGI,2015,4.21
SPGI,2016,7.94
SPGI,2017,5.78
SPGI,2018,7.73
MCK,2008,2.95
MCK,2009,4.62
MCK,2010,4.57
MCK,2011,5.59
MCK,2012,5.59
MCK,2013,5.41
MCK,2014,6.27
MCK,2015,9.7
MCK,2016,22.73
MCK,2017,0.32
MCK,2018,0.17
MDT,2008,1.93
MDT,2009,2.79
MDT,2010,2.86
MDT,2011,3.41
MDT,2012,3.37
MDT,2013,3.02
MDT,2014,2.41
MDT,2015,2.48
MDT,2016,2.89
MDT,2017,2.27
MDT,2018,3.41
CVS,2009,2.55
CVS,2010,2.49
CVS,2011,2.57
CVS,2012,3.03
CVS,2013,3.74
CVS,2014,3.96
CVS,2015,4.63
CVS,2016,4.9
CVS,2017,6.44
CVS,2018,-0.57
MRK,2009,5.65
MRK,2010,0.28
MRK,2011,2.02
MRK,2012,2
MRK,2013,1.47
MRK,2014,4.07
MRK,2015,1.56
MRK,2016,1.41
MRK,2017,0.87
MRK,2018,2.32
MU,2009,-2.29
MU,2010,1.85
MU,2011,0.17
MU,2012,-1.04
MU,2013,1.13
MU,2014,2.54
MU,2015,2.47
MU,2016,-0.27
MU,2017,4.41
MU,2018,11.51
ETR,2009,6.3
ETR,2010,6.66
ETR,2011,7.55
ETR,2012,4.76
ETR,2013,3.99
ETR,2014,5.22
ETR,2015,-0.99
ETR,2016,-3.26
ETR,2017,2.28
ETR,2018,4.63
MMM,2009,4.52
MMM,2010,5.63
MMM,2011,5.96
MMM,2012,6.32
MMM,2013,6.72
MMM,2014,7.49
MMM,2015,7.58
MMM,2016,8.16
MMM,2017,7.93
MMM,2018,8.89
MSI,2009,-0.02
MSI,2010,0.27
MSI,2011,3.41
MSI,2012,2.96
MSI,2013,4.06
MSI,2014,5.29
MSI,2015,3.02
MSI,2016,3.24
MSI,2017,-0.95
MSI,2018,5.62
MYL,2009,0.3
MYL,2010,0.68
MYL,2011,1.22
MYL,2012,1.52
MYL,2013,1.58
MYL,2014,2.34
MYL,2015,1.7
MYL,2016,0.92
MYL,2017,1.3
MYL,2018,0.68
BAC,2009,
BAC,2009,-0.29
BAC,2010,
BAC,2010,-0.37
BAC,2011,
BAC,2011,0.01
BAC,2012,
BAC,2012,0.25
BAC,2013,
BAC,2013,0.9
BAC,2014,
BAC,2014,0.36
BAC,2015,
BAC,2015,1.31
BAC,2016,
BAC,2016,1.5
BAC,2017,
BAC,2017,1.56
BAC,2018,
BAC,2018,2.61
NWL,2009,0.97
NWL,2010,0.96
NWL,2011,0.42
NWL,2012,1.37
NWL,2013,1.63
NWL,2014,1.35
NWL,2015,1.29
NWL,2016,1.25
NWL,2017,5.63
NWL,2018,-14.6
NEM,2009,2.66
NEM,2010,4.55
NEM,2011,0.73
NEM,2012,3.63
NEM,2013,-4.94
NEM,2014,1.02
NEM,2015,0.43
NEM,2016,-1.18
NEM,2017,-0.18
NEM,2018,0.64
NKE,2008,3.03
NKE,2009,3.86
NKE,2010,4.39
NKE,2011,4.73
NKE,2012,2.71
NKE,2013,2.97
NKE,2014,3.7
NKE,2015,2.16
NKE,2016,2.51
NKE,2017,1.17
NKE,2018,2.49
NBL,2009,-0.75
NBL,2010,4.1
NBL,2011,2.54
NBL,2012,5.71
NBL,2013,2.69
NBL,2014,3.27
NBL,2015,-6.07
NBL,2016,-2.32
NBL,2017,-2.38
NBL,2018,-0.14
JWN,2008,1.83
JWN,2009,2.01
JWN,2010,2.75
JWN,2011,3.14
JWN,2012,3.56
JWN,2013,3.71
JWN,2014,3.72
JWN,2015,3.15
JWN,2016,2.02
JWN,2017,2.59
JWN,2018,3.32
NSC,2009,2.76
NSC,2010,4
NSC,2011,5.45
NSC,2012,5.37
NSC,2013,6.04
NSC,2014,6.39
NSC,2015,5.1
NSC,2016,5.62
NSC,2017,18.61
NSC,2018,9.51
ES,2009,1.91
ES,2010,2.19
ES,2011,2.22
ES,2012,1.89
ES,2013,2.49
ES,2014,2.58
ES,2015,2.76
ES,2016,2.96
ES,2017,3.11
ES,2018,3.25
NI,2009,0.79
NI,2010,1.04
NI,2011,1.03
NI,2012,1.39
NI,2013,1.7
NI,2014,1.67
NI,2015,0.9
NI,2016,1.02
NI,2017,0.39
NI,2018,-0.18
XEL,2009,1.48
XEL,2010,1.62
XEL,2011,1.72
XEL,2012,1.85
XEL,2013,1.91
XEL,2014,2.03
XEL,2015,1.94
XEL,2016,2.21
XEL,2017,2.25
XEL,2018,2.47
NTRS,2009,
NTRS,2009,3.16
NTRS,2010,
NTRS,2010,2.74
NTRS,2011,
NTRS,2011,2.47
NTRS,2012,
NTRS,2012,2.81
NTRS,2013,
NTRS,2013,2.99
NTRS,2014,
NTRS,2014,3.32
NTRS,2015,
NTRS,2015,3.99
NTRS,2016,
NTRS,2016,4.32
NTRS,2017,
NTRS,2017,4.92
NTRS,2018,
NTRS,2018,6.64
NOC,2009,5.21
NOC,2010,6.82
NOC,2011,7.52
NOC,2012,7.81
NOC,2013,8.35
NOC,2014,9.75
NOC,2015,10.39
NOC,2016,12.19
NOC,2017,11.47
NOC,2018,18.49
WFC,2009,
WFC,2009,1.75
WFC,2010,
WFC,2010,2.21
WFC,2011,
WFC,2011,2.82
WFC,2012,
WFC,2012,3.36
WFC,2013,
WFC,2013,3.89
WFC,2014,
WFC,2014,4.1
WFC,2015,
WFC,2015,4.12
WFC,2016,
WFC,2016,3.99
WFC,2017,
WFC,2017,4.1
WFC,2018,
WFC,2018,4.28
NUE,2009,-0.94
NUE,2010,0.42
NUE,2011,2.45
NUE,2012,1.58
NUE,2013,1.52
NUE,2014,2.22
NUE,2015,1.11
NUE,2016,2.48
NUE,2017,4.1
NUE,2018,7.42
OXY,2009,3.58
OXY,2010,5.56
OXY,2011,8.32
OXY,2012,5.67
OXY,2013,7.32
OXY,2014,0.79
OXY,2015,-10.23
OXY,2016,-0.75
OXY,2017,1.7
OXY,2018,5.39
FE,2009,3.29
FE,2010,2.57
FE,2011,2.21
FE,2012,1.84
FE,2013,0.94
FE,2014,0.71
FE,2015,1.37
FE,2016,-14.49
FE,2017,-3.88
FE,2018,1.99
OKE,2009,2.87
OKE,2010,3.1
OKE,2011,3.36
OKE,2012,1.71
OKE,2013,1.27
OKE,2014,1.49
OKE,2015,1.16
OKE,2016,1.66
OKE,2017,1.29
OKE,2018,2.78
PNC,2009,
PNC,2009,4.36
PNC,2010,
PNC,2010,5.74
PNC,2011,
PNC,2011,5.64
PNC,2012,
PNC,2012,5.3
PNC,2013,
PNC,2013,7.39
PNC,2014,
PNC,2014,7.3
PNC,2015,
PNC,2015,7.39
PNC,2016,
PNC,2016,7.3
PNC,2017,
PNC,2017,10.36
PNC,2018,
PNC,2018,10.71
PPG,2009,2.03
PPG,2010,4.63
PPG,2011,6.87
PPG,2012,6.06
PPG,2013,22.27
PPG,2014,15.03
PPG,2015,5.14
PPG,2016,3.28
PPG,2017,6.18
PPG,2018,5.47
PCAR,2009,0.31
PCAR,2010,1.25
PCAR,2011,2.86
PCAR,2012,3.12
PCAR,2013,3.3
PCAR,2014,3.82
PCAR,2015,4.51
PCAR,2016,1.48
PCAR,2017,4.75
PCAR,2018,6.24
SRE,2009,4.52
SRE,2010,2.98
SRE,2011,5.62
SRE,2012,3.48
SRE,2013,4.01
SRE,2014,4.63
SRE,2015,5.37
SRE,2016,5.46
SRE,2017,1.01
SRE,2018,3.42
PH,2009,3.13
PH,2010,3.4
PH,2011,6.37
PH,2012,7.45
PH,2013,6.26
PH,2014,6.87
PH,2015,6.97
PH,2016,5.89
PH,2017,7.25
PH,2018,7.83
PAYX,2008,1.48
PAYX,2009,1.32
PAYX,2010,1.42
PAYX,2011,1.51
PAYX,2012,1.56
PAYX,2013,1.71
PAYX,2014,1.85
PAYX,2015,2.09
PAYX,2016,2.25
PAYX,2017,2.58
PAYX,2018,2.86
PPL,2009,1.08
PPL,2010,2.17
PPL,2011,2.7
PPL,2012,2.6
PPL,2013,1.76
PPL,2014,2.61
PPL,2015,1.01
PPL,2016,2.79
PPL,2017,1.64
PPL,2018,2.58
PNR,2009,1.17
PNR,2010,1.99
PNR,2011,0.34
PNR,2012,-0.84
PNR,2013,2.62
PNR,2014,1.11
PNR,2015,-0.42
PNR,2016,2.85
PNR,2017,3.63
PNR,2018,1.96
PEP,2009,3.77
PEP,2010,3.91
PEP,2011,4.03
PEP,2012,3.92
PEP,2013,4.32
PEP,2014,4.27
PEP,2015,3.67
PEP,2016,4.36
PEP,2017,3.38
PEP,2018,8.78
PFE,2009,1.23
PFE,2010,1.02
PFE,2011,1.27
PFE,2012,1.94
PFE,2013,3.19
PFE,2014,1.42
PFE,2015,1.11
PFE,2016,1.17
PFE,2017,3.52
PFE,2018,1.87
EXC,2009,4.09
EXC,2010,3.87
EXC,2011,3.75
EXC,2012,1.42
EXC,2013,2
EXC,2014,1.88
EXC,2015,2.54
EXC,2016,1.22
EXC,2017,3.97
EXC,2018,2.07
MO,2009,1.54
MO,2010,1.87
MO,2011,1.64
MO,2012,2.06
MO,2013,2.26
MO,2014,2.56
MO,2015,2.67
MO,2016,7.28
MO,2017,5.31
MO,2018,3.68
COP,2009,3.24
COP,2010,7.62
COP,2011,8.97
COP,2012,6.72
COP,2013,7.38
COP,2014,5.51
COP,2015,-3.58
COP,2016,-2.91
COP,2017,-0.7
COP,2018,5.32
PVH,2008,1.76
PVH,2009,3.08
PVH,2010,0.8
PVH,2011,4.36
PVH,2012,5.87
PVH,2013,1.74
PVH,2014,5.27
PVH,2015,6.89
PVH,2016,6.79
PVH,2017,6.84
PVH,2018,9.65
PG,2009,4.26
PG,2010,4.11
PG,2011,3.93
PG,2012,3.66
PG,2013,3.86
PG,2014,4.01
PG,2015,2.44
PG,2016,3.69
PG,2017,5.59
PG,2018,3.67
PEG,2009,3.15
PEG,2010,3.08
PEG,2011,2.96
PEG,2012,2.51
PEG,2013,2.45
PEG,2014,2.99
PEG,2015,3.3
PEG,2016,1.75
PEG,2017,3.1
PEG,2018,2.83
PHM,2009,-3.94
PHM,2010,-2.9
PHM,2011,-0.55
PHM,2012,0.54
PHM,2013,6.72
PHM,2014,1.26
PHM,2015,1.36
PHM,2016,1.75
PHM,2017,1.44
PHM,2018,3.55
RJF,2009,
RJF,2009,1.29
RJF,2010,
RJF,2010,1.83
RJF,2011,
RJF,2011,2.19
RJF,2012,
RJF,2012,2.2
RJF,2013,
RJF,2013,2.58
RJF,2014,
RJF,2014,3.32
RJF,2015,
RJF,2015,3.43
RJF,2016,
RJF,2016,3.65
RJF,2017,
RJF,2017,4.33
RJF,2018,
RJF,2018,5.75
RTN,2009,4.89
RTN,2010,4.88
RTN,2011,5.28
RTN,2012,5.65
RTN,2013,6.16
RTN,2014,7.18
RTN,2015,6.8
RTN,2016,7.44
RTN,2017,6.95
RTN,2018,10.15
ROK,2009,1.55
ROK,2010,3.22
ROK,2011,4.8
ROK,2012,5.13
ROK,2013,5.36
ROK,2014,5.91
ROK,2015,6.09
ROK,2016,5.56
ROK,2017,6.35
ROK,2018,4.21
ROL,2009,0.84
ROL,2010,0.61
ROL,2011,0.69
ROL,2012,0.76
ROL,2013,0.84
ROL,2014,0.94
ROL,2015,0.7
ROL,2016,0.77
ROL,2017,0.82
ROL,2018,0.71
ROST,2008,2.33
ROST,2009,3.54
ROST,2010,4.63
ROST,2011,2.86
ROST,2012,3.53
ROST,2013,3.88
ROST,2014,4.42
ROST,2015,2.51
ROST,2016,2.83
ROST,2017,3.55
ROST,2018,4.26
SLB,2009,2.59
SLB,2010,3.38
SLB,2011,3.67
SLB,2012,4.1
SLB,2013,5.05
SLB,2014,4.16
SLB,2015,1.63
SLB,2016,-1.24
SLB,2017,-1.08
SLB,2018,1.53
SEE,2009,1.35
SEE,2010,1.44
SEE,2011,0.8
SEE,2012,-7.31
SEE,2013,0.58
SEE,2014,1.2
SEE,2015,1.62
SEE,2016,2.46
SEE,2017,4.29
SEE,2018,1.2
SHW,2009,3.78
SHW,2010,4.21
SHW,2011,4.14
SHW,2012,6.02
SHW,2013,7.26
SHW,2014,8.78
SHW,2015,11.16
SHW,2016,11.99
SHW,2017,18.67
SHW,2018,11.67
AOS,2009,3.39
AOS,2010,2.42
AOS,2011,6.57
AOS,2012,3.41
AOS,2013,1.83
AOS,2014,2.28
AOS,2015,3.16
AOS,2016,1.85
AOS,2017,1.7
AOS,2018,2.58
SJM,2008,3.12
SJM,2009,4.15
SJM,2010,4.05
SJM,2011,4.06
SJM,2012,5
SJM,2013,5.42
SJM,2014,3.33
SJM,2015,5.76
SJM,2016,5.1
SJM,2017,11.78
SJM,2018,4.52
SNA,2009,2.32
SNA,2010,3.19
SNA,2011,4.71
SNA,2012,5.2
SNA,2013,5.93
SNA,2014,7.14
SNA,2015,8.1
SNA,2016,9.2
SNA,2017,9.52
SNA,2018,11.87
KEY,2009,
KEY,2009,-2.34
KEY,2010,
KEY,2010,0.44
KEY,2011,
KEY,2011,0.87
KEY,2012,
KEY,2012,0.89
KEY,2013,
KEY,2013,0.97
KEY,2014,
KEY,2014,0.99
KEY,2015,
KEY,2015,1.05
KEY,2016,
KEY,2016,0.8
KEY,2017,
KEY,2017,1.13
KEY,2018,
KEY,2018,1.71
EIX,2009,2.58
EIX,2010,3.82
EIX,2011,-0.11
EIX,2012,-0.56
EIX,2013,2.78
EIX,2014,4.89
EIX,2015,3.1
EIX,2016,3.97
EIX,2017,1.72
EIX,2018,-1.3
SO,2009,2.06
SO,2010,2.36
SO,2011,2.55
SO,2012,2.67
SO,2013,1.87
SO,2014,2.18
SO,2015,2.59
SO,2016,2.55
SO,2017,0.84
SO,2018,2.17
LUV,2009,0.13
LUV,2010,0.61
LUV,2011,0.23
LUV,2012,0.56
LUV,2013,1.05
LUV,2014,1.64
LUV,2015,3.27
LUV,2016,3.55
LUV,2017,5.79
LUV,2018,4.29
T,2009,2.12
T,2010,3.35
T,2011,0.66
T,2012,1.25
T,2013,3.39
T,2014,1.19
T,2015,2.37
T,2016,2.1
T,2017,4.76
T,2018,2.85
SWK,2009,2.79
SWK,2010,1.32
SWK,2011,3.97
SWK,2012,5.3
SWK,2013,3.09
SWK,2014,4.76
SWK,2015,5.79
SWK,2016,6.51
SWK,2017,8.04
SWK,2018,3.99
STT,2009,
STT,2009,-4.31
STT,2010,
STT,2010,3.09
STT,2011,
STT,2011,3.79
STT,2012,
STT,2012,4.2
STT,2013,
STT,2013,4.62
STT,2014,
STT,2014,4.57
STT,2015,
STT,2015,4.47
STT,2016,
STT,2016,4.97
STT,2017,
STT,2017,5.24
STT,2018,
STT,2018,6.4
PSA,2009,
PSA,2009,3.47
PSA,2010,
PSA,2010,2.35
PSA,2011,
PSA,2011,3.29
PSA,2012,
PSA,2012,3.9
PSA,2013,
PSA,2013,4.89
PSA,2014,
PSA,2014,5.25
PSA,2015,
PSA,2015,6.07
PSA,2016,
PSA,2016,6.81
PSA,2017,
PSA,2017,6.73
PSA,2018,
PSA,2018,8.54
SYK,2009,2.77
SYK,2010,3.19
SYK,2011,3.45
SYK,2012,3.39
SYK,2013,2.63
SYK,2014,1.34
SYK,2015,3.78
SYK,2016,4.35
SYK,2017,2.68
SYK,2018,9.34
SYY,2009,1.77
SYY,2010,1.99
SYY,2011,1.96
SYY,2012,1.9
SYY,2013,1.67
SYY,2014,1.58
SYY,2015,1.15
SYY,2016,1.64
SYY,2017,2.08
SYY,2018,2.7
TFX,2009,7.59
TFX,2010,4.99
TFX,2011,7.92
TFX,2012,-4.65
TFX,2013,3.45
TFX,2014,4.04
TFX,2015,5.1
TFX,2016,4.98
TFX,2017,3.27
TFX,2018,4.29
TXN,2009,1.15
TXN,2010,2.62
TXN,2011,1.88
TXN,2012,1.51
TXN,2013,1.91
TXN,2014,2.57
TXN,2015,2.82
TXN,2016,3.48
TXN,2017,3.61
TXN,2018,5.59
TXT,2009,-0.12
TXT,2010,0.28
TXT,2011,0.79
TXT,2012,2
TXT,2013,1.75
TXT,2014,2.13
TXT,2015,2.5
TXT,2016,3.53
TXT,2017,1.14
TXT,2018,4.83
TMO,2009,2.01
TMO,2010,2.53
TMO,2011,3.46
TMO,2012,3.21
TMO,2013,3.48
TMO,2014,4.71
TMO,2015,4.92
TMO,2016,5.09
TMO,2017,5.59
TMO,2018,7.24
TSN,2009,-1.44
TSN,2010,2.06
TSN,2011,1.97
TSN,2012,1.58
TSN,2013,2.12
TSN,2014,2.37
TSN,2015,2.95
TSN,2016,4.53
TSN,2017,4.79
TSN,2018,8.2
UAL,2009,-4.32
UAL,2010,1.08
UAL,2011,2.26
UAL,2012,-2.18
UAL,2013,1.53
UAL,2014,2.93
UAL,2015,19.47
UAL,2016,6.85
UAL,2017,7.02
UAL,2018,7.7
AEE,2009,2.78
AEE,2010,0.58
AEE,2011,2.15
AEE,2012,-4.01
AEE,2013,1.18
AEE,2014,2.4
AEE,2015,2.59
AEE,2016,2.68
AEE,2017,2.14
AEE,2018,3.32
UNP,2009,3.75
UNP,2010,5.53
UNP,2011,6.72
UNP,2012,8.27
UNP,2013,9.42
UNP,2014,5.75
UNP,2015,5.49
UNP,2016,5.07
UNP,2017,13.36
UNP,2018,7.91
UDR,2009,
UDR,2009,-0.64
UDR,2010,
UDR,2010,-0.68
UDR,2011,
UDR,2011,0.05
UDR,2012,
UDR,2012,0.85
UDR,2013,
UDR,2013,0.16
UDR,2014,
UDR,2014,0.59
UDR,2015,
UDR,2015,1.29
UDR,2016,
UDR,2016,1.08
UDR,2017,
UDR,2017,0.44
UDR,2018,
UDR,2018,0.74
UNH,2009,
UNH,2009,3.24
UNH,2010,
UNH,2010,4.1
UNH,2011,
UNH,2011,4.73
UNH,2012,
UNH,2012,5.28
UNH,2013,
UNH,2013,5.5
UNH,2014,
UNH,2014,5.7
UNH,2015,
UNH,2015,6.01
UNH,2016,
UNH,2016,7.25
UNH,2017,
UNH,2017,10.72
UNH,2018,
UNH,2018,12.19
UPS,2009,2.14
UPS,2010,3.48
UPS,2011,3.84
UPS,2012,0.83
UPS,2013,4.61
UPS,2014,3.28
UPS,2015,5.35
UPS,2016,3.87
UPS,2017,5.61
UPS,2018,5.51
UTX,2009,4.12
UTX,2010,4.74
UTX,2011,5.49
UTX,2012,5.66
UTX,2013,6.25
UTX,2014,6.82
UTX,2015,8.61
UTX,2016,6.12
UTX,2017,5.7
UTX,2018,6.5
UHS,2009,2.64
UHS,2010,2.34
UHS,2011,4.04
UHS,2012,4.53
UHS,2013,5.14
UHS,2014,5.42
UHS,2015,6.76
UHS,2016,7.14
UHS,2017,7.81
UHS,2018,8.31
VFC,2009,4.13
VFC,2010,5.18
VFC,2011,7.98
VFC,2012,9.7
VFC,2013,2.71
VFC,2014,2.38
VFC,2015,2.85
VFC,2016,2.54
VFC,2017,1.52
VFC,2018,3.15
VAR,2009,2.55
VAR,2010,2.91
VAR,2011,3.36
VAR,2012,3.76
VAR,2013,3.98
VAR,2014,3.83
VAR,2015,4.09
VAR,2016,4.19
VAR,2017,2.68
VAR,2018,1.62
VNO,2009,
VNO,2009,0.28
VNO,2010,
VNO,2010,3.24
VNO,2011,
VNO,2011,3.23
VNO,2012,
VNO,2012,2.94
VNO,2013,
VNO,2013,2.09
VNO,2014,
VNO,2014,4.15
VNO,2015,
VNO,2015,3.59
VNO,2016,
VNO,2016,4.34
VNO,2017,
VNO,2017,0.85
VNO,2018,
VNO,2018,2.01
VMC,2009,0.25
VMC,2010,-0.75
VMC,2011,-0.55
VMC,2012,-0.41
VMC,2013,0.19
VMC,2014,1.54
VMC,2015,1.64
VMC,2016,3.09
VMC,2017,4.46
VMC,2018,3.85
WMT,2008,3.39
WMT,2009,3.7
WMT,2010,4.47
WMT,2011,4.52
WMT,2012,5.02
WMT,2013,4.88
WMT,2014,5.05
WMT,2015,4.57
WMT,2016,4.38
WMT,2017,3.28
WMT,2018,2.26
WBA,2009,2.02
WBA,2010,2.12
WBA,2011,2.94
WBA,2012,2.42
WBA,2013,2.56
WBA,2014,2
WBA,2015,4
WBA,2016,3.82
WBA,2017,3.78
WBA,2018,5.05
WDC,2009,2.08
WDC,2010,5.93
WDC,2011,3.09
WDC,2012,6.58
WDC,2013,3.98
WDC,2014,6.68
WDC,2015,6.18
WDC,2016,1
WDC,2017,1.34
WDC,2018,2.2
WY,2009,-2.58
WY,2010,3.99
WY,2011,0.61
WY,2012,0.71
WY,2013,0.95
WY,2014,3.18
WY,2015,0.89
WY,2016,1.39
WY,2017,0.77
WY,2018,0.99
WHR,2009,4.34
WHR,2010,7.97
WHR,2011,4.99
WHR,2012,5.06
WHR,2013,10.24
WHR,2014,8.17
WHR,2015,9.83
WHR,2016,11.5
WHR,2017,4.7
WHR,2018,-2.72
WMB,2009,0.49
WMB,2010,-1.88
WMB,2011,0.63
WMB,2012,1.37
WMB,2013,0.62
WMB,2014,2.92
WMB,2015,-0.76
WMB,2016,-0.57
WMB,2017,2.62
WMB,2018,-0.16
WEC,2009,3.24
WEC,2010,3.86
WEC,2011,2.24
WEC,2012,2.35
WEC,2013,2.51
WEC,2014,2.59
WEC,2015,2.34
WEC,2016,2.96
WEC,2017,3.79
WEC,2018,3.34
LNT,2009,1.01
LNT,2010,2.6
LNT,2011,2.74
LNT,2012,2.89
LNT,2013,3.23
LNT,2014,3.46
LNT,2015,3.36
LNT,2016,1.64
LNT,2017,1.99
LNT,2018,2.19
XRX,2009,0.55
XRX,2010,0.43
XRX,2011,0.9
XRX,2012,0.88
XRX,2013,0.91
XRX,2014,0.81
XRX,2015,0.42
XRX,2016,-0.49
XRX,2017,0.71
XRX,2018,1.38
TJX,2008,2
TJX,2009,2.84
TJX,2010,3.3
TJX,2011,3.86
TJX,2012,2.55
TJX,2013,2.94
TJX,2014,3.15
TJX,2015,3.33
TJX,2016,3.46
TJX,2017,4.04
TJX,2018,2.43
ZION,2009,
ZION,2009,-9.92
ZION,2010,
ZION,2010,-2.48
ZION,2011,
ZION,2011,0.83
ZION,2012,
ZION,2012,0.97
ZION,2013,
ZION,2013,1.58
ZION,2014,
ZION,2014,1.68
ZION,2015,
ZION,2015,1.2
ZION,2016,
ZION,2016,1.99
ZION,2017,
ZION,2017,2.6
ZION,2018,
ZION,2018,4.08
JKHY,2009,1.22
JKHY,2010,1.38
JKHY,2011,1.59
JKHY,2012,1.78
JKHY,2013,2.04
JKHY,2014,2.19
JKHY,2015,2.59
JKHY,2016,3.12
JKHY,2017,3.14
JKHY,2018,4.85
MS,2009,
MS,2009,-0.77
MS,2010,
MS,2010,2.63
MS,2011,
MS,2011,1.23
MS,2012,
MS,2012,-0.02
MS,2013,
MS,2013,1.36
MS,2014,
MS,2014,1.6
MS,2015,
MS,2015,2.9
MS,2016,
MS,2016,2.92
MS,2017,
MS,2017,3.07
MS,2018,
MS,2018,4.73
TROW,2009,
TROW,2009,1.65
TROW,2010,
TROW,2010,2.53
TROW,2011,
TROW,2011,2.92
TROW,2012,
TROW,2012,3.36
TROW,2013,
TROW,2013,3.9
TROW,2014,
TROW,2014,4.55
TROW,2015,
TROW,2015,4.63
TROW,2016,
TROW,2016,4.75
TROW,2017,
TROW,2017,5.97
TROW,2018,
TROW,2018,7.27
MSFT,2009,1.62
MSFT,2010,2.1
MSFT,2011,2.69
MSFT,2012,2
MSFT,2013,2.58
MSFT,2014,2.63
MSFT,2015,1.48
MSFT,2016,2.1
MSFT,2017,2.71
MSFT,2018,2.13
ORCL,2008,1.09
ORCL,2009,1.21
ORCL,2010,1.67
ORCL,2011,1.96
ORCL,2012,2.26
ORCL,2013,2.38
ORCL,2014,2.21
ORCL,2015,2.07
ORCL,2016,2.21
ORCL,2017,0.9
ORCL,2018,2.97
COTY,2009,
COTY,2010,
COTY,2011,0.16
COTY,2012,-0.85
COTY,2013,0.44
COTY,2014,-0.26
COTY,2015,0.64
COTY,2016,0.44
COTY,2017,-0.66
COTY,2018,-0.23
HOG,2009,-0.24
HOG,2010,0.62
HOG,2011,2.55
HOG,2012,2.72
HOG,2013,3.28
HOG,2014,3.88
HOG,2015,3.69
HOG,2016,3.83
HOG,2017,3.02
HOG,2018,3.19
IT,2009,0.85
IT,2010,0.96
IT,2011,1.39
IT,2012,1.73
IT,2013,1.93
IT,2014,2.03
IT,2015,2.06
IT,2016,2.31
IT,2017,0.04
IT,2018,1.33
NVR,2009,31.26
NVR,2010,33.42
NVR,2011,23.01
NVR,2012,35.12
NVR,2013,54.81
NVR,2014,63.5
NVR,2015,89.99
NVR,2016,103.61
NVR,2017,126.77
NVR,2018,194.8
ADBE,2009,0.73
ADBE,2010,1.47
ADBE,2011,1.65
ADBE,2012,1.66
ADBE,2013,0.56
ADBE,2014,0.53
ADBE,2015,1.24
ADBE,2016,2.32
ADBE,2017,3.38
ADBE,2018,5.2
FISV,2009,3.06
FISV,2010,3.27
FISV,2011,3.28
FISV,2012,4.44
FISV,2013,2.44
FISV,2014,2.99
FISV,2015,2.99
FISV,2016,4.15
FISV,2017,5.78
FISV,2018,2.87
UNM,2009,
UNM,2009,2.57
UNM,2010,
UNM,2010,2.71
UNM,2011,
UNM,2011,0.78
UNM,2012,
UNM,2012,3.17
UNM,2013,
UNM,2013,3.23
UNM,2014,
UNM,2014,1.61
UNM,2015,
UNM,2015,3.5
UNM,2016,
UNM,2016,3.95
UNM,2017,
UNM,2017,4.37
UNM,2018,
UNM,2018,2.38
CERN,2009,2.31
CERN,2010,2.78
CERN,2011,1.76
CERN,2012,2.26
CERN,2013,1.13
CERN,2014,1.5
CERN,2015,1.54
CERN,2016,1.85
CERN,2017,2.57
CERN,2018,1.89
PGR,2009,
PGR,2009,1.57
PGR,2010,
PGR,2010,1.61
PGR,2011,
PGR,2011,1.59
PGR,2012,
PGR,2012,1.48
PGR,2013,
PGR,2013,1.93
PGR,2014,
PGR,2014,2.15
PGR,2015,
PGR,2015,2.15
PGR,2016,
PGR,2016,1.76
PGR,2017,
PGR,2017,2.72
PGR,2018,
PGR,2018,4.42
CDNS,2009,-0.58
CDNS,2010,0.48
CDNS,2011,0.27
CDNS,2012,1.57
CDNS,2013,0.56
CDNS,2014,0.52
CDNS,2015,0.81
CDNS,2016,0.7
CDNS,2017,0.73
CDNS,2018,1.23
CCL,2009,2.24
CCL,2010,2.47
CCL,2011,2.42
CCL,2012,1.67
CCL,2013,1.39
CCL,2014,1.59
CCL,2015,2.26
CCL,2016,3.72
CCL,2017,3.59
CCL,2018,4.44
DRE,2009,
DRE,2009,-1.67
DRE,2010,
DRE,2010,-0.07
DRE,2011,
DRE,2011,0.11
DRE,2012,
DRE,2012,-0.48
DRE,2013,
DRE,2013,0.47
DRE,2014,
DRE,2014,0.6
DRE,2015,
DRE,2015,1.77
DRE,2016,
DRE,2016,0.88
DRE,2017,
DRE,2017,4.56
DRE,2018,
DRE,2018,1.07
ABMD,2008,-0.91
ABMD,2009,-0.52
ABMD,2010,-0.32
ABMD,2011,0.04
ABMD,2012,0.37
ABMD,2013,0.18
ABMD,2014,2.65
ABMD,2015,0.85
ABMD,2016,1.17
ABMD,2017,2.45
ABMD,2018,5.61
TIF,2008,1.74
TIF,2009,2.11
TIF,2010,2.87
TIF,2011,3.4
TIF,2012,3.25
TIF,2013,1.41
TIF,2014,3.73
TIF,2015,3.59
TIF,2016,3.55
TIF,2017,2.96
TIF,2018,4.75
XRAY,2009,1.83
XRAY,2010,1.82
XRAY,2011,1.7
XRAY,2012,2.18
XRAY,2013,2.16
XRAY,2014,2.24
XRAY,2015,1.76
XRAY,2016,1.94
XRAY,2017,-6.76
XRAY,2018,-4.51
ZTS,2009,
ZTS,2010,0.22
ZTS,2011,0.49
ZTS,2012,0.87
ZTS,2013,1.01
ZTS,2014,1.16
ZTS,2015,0.68
ZTS,2016,1.65
ZTS,2017,1.75
ZTS,2018,2.93
SCHW,2009,
SCHW,2009,0.68
SCHW,2010,
SCHW,2010,0.38
SCHW,2011,
SCHW,2011,0.7
SCHW,2012,
SCHW,2012,0.69
SCHW,2013,
SCHW,2013,0.78
SCHW,2014,
SCHW,2014,0.95
SCHW,2015,
SCHW,2015,1.03
SCHW,2016,
SCHW,2016,1.31
SCHW,2017,
SCHW,2017,1.61
SCHW,2018,
SCHW,2018,2.45
FAST,2009,1.24
FAST,2010,1.8
FAST,2011,1.21
FAST,2012,1.42
FAST,2013,1.51
FAST,2014,1.66
FAST,2015,1.77
FAST,2016,1.73
FAST,2017,2.01
FAST,2018,2.62
MXIM,2009,0.03
MXIM,2010,0.4
MXIM,2011,1.61
MXIM,2012,1.29
MXIM,2013,1.52
MXIM,2014,1.23
MXIM,2015,0.71
MXIM,2016,0.79
MXIM,2017,1.98
MXIM,2018,1.64
FRC,2009,
FRC,2009,
FRC,2010,
FRC,2010,2.14
FRC,2011,
FRC,2011,2.65
FRC,2012,
FRC,2012,2.76
FRC,2013,
FRC,2013,3.1
FRC,2014,
FRC,2014,3.07
FRC,2015,
FRC,2015,3.18
FRC,2016,
FRC,2016,3.93
FRC,2017,
FRC,2017,4.31
FRC,2018,
FRC,2018,4.81
APH,2009,1.83
APH,2010,2.82
APH,2011,3.05
APH,2012,3.39
APH,2013,3.92
APH,2014,2.21
APH,2015,2.41
APH,2016,2.61
APH,2017,2.06
APH,2018,3.85
PXD,2009,-0.46
PXD,2010,5.08
PXD,2011,6.88
PXD,2012,1.5
PXD,2013,-6.16
PXD,2014,6.38
PXD,2015,-1.83
PXD,2016,-3.35
PXD,2017,4.85
PXD,2018,5.7
MGM,2009,-3.41
MGM,2010,-3.19
MGM,2011,5.62
MGM,2012,-3.62
MGM,2013,-0.32
MGM,2014,-0.31
MGM,2015,-0.82
MGM,2016,1.92
MGM,2017,3.35
MGM,2018,0.81
WM,2009,2.01
WM,2010,1.98
WM,2011,2.04
WM,2012,1.76
WM,2013,0.21
WM,2014,2.79
WM,2015,1.65
WM,2016,2.65
WM,2017,4.41
WM,2018,4.45
FCX,2009,5.86
FCX,2010,9.14
FCX,2011,4.78
FCX,2012,3.19
FCX,2013,2.64
FCX,2014,-1.26
FCX,2015,-11.31
FCX,2016,-3.16
FCX,2017,1.25
FCX,2018,1.78
WRB,2009,
WRB,2009,1.86
WRB,2010,
WRB,2010,2.9
WRB,2011,
WRB,2011,2.71
WRB,2012,
WRB,2012,3.56
WRB,2013,
WRB,2013,3.55
WRB,2014,
WRB,2014,4.86
WRB,2015,
WRB,2015,3.87
WRB,2016,
WRB,2016,4.68
WRB,2017,
WRB,2017,4.26
WRB,2018,
WRB,2018,5
CINF,2009,
CINF,2009,2.65
CINF,2010,
CINF,2010,2.31
CINF,2011,
CINF,2011,1.02
CINF,2012,
CINF,2012,2.57
CINF,2013,
CINF,2013,3.12
CINF,2014,
CINF,2014,3.18
CINF,2015,
CINF,2015,3.83
CINF,2016,
CINF,2016,3.55
CINF,2017,
CINF,2017,6.29
CINF,2018,
CINF,2018,1.75
DVN,2009,-5.58
DVN,2010,10.31
DVN,2011,11.25
DVN,2012,-0.52
DVN,2013,-0.06
DVN,2014,3.91
DVN,2015,-35.55
DVN,2016,-6.52
DVN,2017,1.7
DVN,2018,6.15
LH,2009,4.98
LH,2010,5.29
LH,2011,5.11
LH,2012,5.99
LH,2013,6.25
LH,2014,5.91
LH,2015,4.34
LH,2016,7.02
LH,2017,12.21
LH,2018,8.61
VLO,2009,-3.67
VLO,2010,0.57
VLO,2011,3.68
VLO,2012,3.75
VLO,2013,4.97
VLO,2014,6.85
VLO,2015,7.99
VLO,2016,4.94
VLO,2017,9.16
VLO,2018,7.29
IEX,2009,1.4
IEX,2010,1.9
IEX,2011,2.32
IEX,2012,0.45
IEX,2013,3.09
IEX,2014,3.45
IEX,2015,3.62
IEX,2016,3.53
IEX,2017,4.36
IEX,2018,5.29
TFC,2009,
TFC,2010,
TFC,2011,
ABBV,2009,
ABBV,2010,2.64
ABBV,2011,2.17
ABBV,2012,3.3
ABBV,2013,2.56
ABBV,2014,1.1
ABBV,2015,3.13
ABBV,2016,3.63
ABBV,2017,3.3
ABBV,2018,3.66
PBCT,2009,
PBCT,2009,0.3
PBCT,2010,
PBCT,2010,0.24
PBCT,2011,
PBCT,2011,0.57
PBCT,2012,
PBCT,2012,0.72
PBCT,2013,
PBCT,2013,0.74
PBCT,2014,
PBCT,2014,0.84
PBCT,2015,
PBCT,2015,0.86
PBCT,2016,
PBCT,2016,0.92
PBCT,2017,
PBCT,2017,0.97
PBCT,2018,
PBCT,2018,1.29
EOG,2009,2.17
EOG,2010,0.63
EOG,2011,4.1
EOG,2012,2.11
EOG,2013,8.04
EOG,2014,5.32
EOG,2015,-8.29
EOG,2016,-1.98
EOG,2017,4.46
EOG,2018,5.89
EA,2008,-3.4
EA,2009,-2.08
EA,2010,-0.84
EA,2011,0.23
EA,2012,0.31
EA,2013,0.03
EA,2014,2.69
EA,2015,3.5
EA,2016,3.08
EA,2017,3.34
EA,2018,3.33
SIVB,2009,
SIVB,2009,0.66
SIVB,2010,
SIVB,2010,2.24
SIVB,2011,
SIVB,2011,3.94
SIVB,2012,
SIVB,2012,3.91
SIVB,2013,
SIVB,2013,4.7
SIVB,2014,
SIVB,2014,5.31
SIVB,2015,
SIVB,2015,6.62
SIVB,2016,
SIVB,2016,7.31
SIVB,2017,
SIVB,2017,9.2
SIVB,2018,
SIVB,2018,18.11
TMUS,2013,0.05
TMUS,2014,0.3
TMUS,2015,0.82
TMUS,2016,1.69
TMUS,2017,5.2
TMUS,2018,3.36
IQV,2009,
IQV,2010,
IQV,2011,1.88
IQV,2012,1.38
IQV,2013,1.74
IQV,2014,2.72
IQV,2015,3.08
IQV,2016,0.76
IQV,2017,5.88
IQV,2018,1.24
NWSA,2011,1.08
NWSA,2012,-3.32
NWSA,2013,0.86
NWSA,2014,0.41
NWSA,2015,-0.26
NWSA,2016,0.3
NWSA,2017,-1.27
NWSA,2018,-2.6
TWTR,2010,
TWTR,2011,-0.24
TWTR,2012,-0.15
TWTR,2013,-1.18
TWTR,2014,-0.96
TWTR,2015,-0.79
TWTR,2016,-0.65
TWTR,2017,-0.15
TWTR,2018,1.56
PAYC,2009,
PAYC,2010,
PAYC,2011,
PAYC,2012,0.08
PAYC,2013,0.15
PAYC,2014,0.11
PAYC,2015,0.36
PAYC,2016,0.74
PAYC,2017,1.13
PAYC,2018,2.34
KEYS,2009,
KEYS,2010,
KEYS,2011,
KEYS,2012,4.86
KEYS,2013,2.64
KEYS,2014,2.35
KEYS,2015,3
KEYS,2016,1.95
KEYS,2017,0.56
KEYS,2018,0.86
COG,2009,1.42
COG,2010,0.98
COG,2011,1.16
COG,2012,0.62
COG,2013,0.66
COG,2014,0.25
COG,2015,-0.28
COG,2016,-0.91
COG,2017,0.22
COG,2018,1.24
SYF,2009,
SYF,2010,
SYF,2011,
SYF,2012,2.55
SYF,2013,
SYF,2013,2.38
SYF,2014,
SYF,2014,2.54
SYF,2015,
SYF,2015,2.65
SYF,2016,
SYF,2016,2.71
SYF,2017,
SYF,2017,2.42
SYF,2018,
SYF,2018,3.74
ANET,2010,
ANET,2011,
ANET,2012,
ANET,2013,0.67
ANET,2014,1.06
ANET,2015,1.67
ANET,2016,2.5
ANET,2017,5.35
ANET,2018,4.06
CSCO,2009,1.05
CSCO,2010,1.33
CSCO,2011,1.17
CSCO,2012,1.49
CSCO,2013,1.86
CSCO,2014,1.49
CSCO,2015,1.75
CSCO,2016,2.11
CSCO,2017,1.9
CSCO,2018,0.02
HOLX,2009,-8.48
HOLX,2010,-0.24
HOLX,2011,0.59
HOLX,2012,-0.28
HOLX,2013,-4.36
HOLX,2014,0.06
HOLX,2015,0.45
HOLX,2016,1.16
HOLX,2017,2.64
HOLX,2018,-0.4
CFG,2012,
CFG,2012,1.15
CFG,2013,
CFG,2013,-6.12
CFG,2014,
CFG,2014,1.55
CFG,2015,
CFG,2015,1.55
CFG,2016,
CFG,2016,1.97
CFG,2017,
CFG,2017,3.25
CFG,2018,
CFG,2018,3.52
HCA,2009,10.99
HCA,2010,12.42
HCA,2011,4.97
HCA,2012,3.49
HCA,2013,3.37
HCA,2014,4.16
HCA,2015,4.99
HCA,2016,7.3
HCA,2017,5.95
HCA,2018,10.66
XLNX,2008,1.36
XLNX,2009,1.29
XLNX,2010,2.39
XLNX,2011,1.95
XLNX,2012,1.79
XLNX,2013,2.19
XLNX,2014,2.35
XLNX,2015,2.05
XLNX,2016,2.32
XLNX,2017,1.99
XLNX,2018,3.47
AZO,2009,11.73
AZO,2010,14.97
AZO,2011,19.47
AZO,2012,23.48
AZO,2013,27.79
AZO,2014,31.57
AZO,2015,36.03
AZO,2016,40.7
AZO,2017,44.07
AZO,2018,48.77
REGN,2009,-0.85
REGN,2010,-1.26
REGN,2011,-2.45
REGN,2012,6.75
REGN,2013,3.81
REGN,2014,3.07
REGN,2015,5.52
REGN,2016,7.7
REGN,2017,10.34
REGN,2018,21.29
IDXX,2009,2.01
IDXX,2010,2.37
IDXX,2011,2.78
IDXX,2012,3.17
IDXX,2013,3.48
IDXX,2014,3.58
IDXX,2015,2.05
IDXX,2016,2.44
IDXX,2017,2.94
IDXX,2018,4.26
AES,2009,0.98
AES,2010,0.01
AES,2011,0.07
AES,2012,-1.21
AES,2013,0.15
AES,2014,1.06
AES,2015,0.44
AES,2016,-1.72
AES,2017,-1.76
AES,2018,1.81
MNST,2009,2.21
MNST,2010,2.28
MNST,2011,3.06
MNST,2012,1.86
MNST,2013,1.95
MNST,2014,2.77
MNST,2015,2.84
MNST,2016,1.19
MNST,2017,1.42
MNST,2018,1.76
VRTX,2009,-3.71
VRTX,2010,-3.77
VRTX,2011,0.14
VRTX,2012,-0.5
VRTX,2013,-1.98
VRTX,2014,-3.14
VRTX,2015,-2.31
VRTX,2016,-0.46
VRTX,2017,1.04
VRTX,2018,8.09
ZBRA,2009,0.79
ZBRA,2010,1.77
ZBRA,2011,3.22
ZBRA,2012,2.37
ZBRA,2013,2.63
ZBRA,2014,0.63
ZBRA,2015,-3.1
ZBRA,2016,-2.65
ZBRA,2017,0.32
ZBRA,2018,7.76
BIIB,2009,3.35
BIIB,2010,3.94
BIIB,2011,5.04
BIIB,2012,5.76
BIIB,2013,7.81
BIIB,2014,12.37
BIIB,2015,15.34
BIIB,2016,16.93
BIIB,2017,11.92
BIIB,2018,21.58
PYPL,2010,
PYPL,2011,
PYPL,2012,
PYPL,2013,0.76
PYPL,2014,0.33
PYPL,2015,1
PYPL,2016,1.15
PYPL,2017,1.47
PYPL,2018,1.71
ODFL,2009,0.94
ODFL,2010,1.35
ODFL,2011,2.44
ODFL,2012,1.97
ODFL,2013,2.39
ODFL,2014,3.1
ODFL,2015,3.57
ODFL,2016,3.56
ODFL,2017,5.63
ODFL,2018,7.38
KIM,2009,
KIM,2009,-0.15
KIM,2010,
KIM,2010,0.22
KIM,2011,
KIM,2011,0.27
KIM,2012,
KIM,2012,0.42
KIM,2013,
KIM,2013,0.43
KIM,2014,
KIM,2014,0.89
KIM,2015,
KIM,2015,2
KIM,2016,
KIM,2016,0.79
KIM,2017,
KIM,2017,0.87
KIM,2018,
KIM,2018,1.02
PRGO,2009,1.54
PRGO,2010,2.4
PRGO,2011,3.63
PRGO,2012,4.27
PRGO,2013,4.68
PRGO,2014,1.77
PRGO,2015,0.92
PRGO,2016,-28.01
PRGO,2017,0.84
PRGO,2018,0.95
QCOM,2009,0.95
QCOM,2010,1.96
QCOM,2011,2.52
QCOM,2012,3.51
QCOM,2013,3.91
QCOM,2014,4.65
QCOM,2015,3.22
QCOM,2016,3.81
QCOM,2017,1.65
QCOM,2018,-3.32
GILD,2009,2.82
GILD,2010,3.32
GILD,2011,3.55
GILD,2012,3.28
GILD,2013,1.81
GILD,2014,7.35
GILD,2015,11.91
GILD,2016,9.94
GILD,2017,3.51
GILD,2018,4.17
ROP,2009,2.58
ROP,2010,3.34
ROP,2011,4.34
ROP,2012,4.86
ROP,2013,5.37
ROP,2014,6.4
ROP,2015,6.85
ROP,2016,6.43
ROP,2017,9.39
ROP,2018,9.05
SNPS,2009,1.15
SNPS,2010,1.56
SNPS,2011,1.47
SNPS,2012,1.21
SNPS,2013,1.58
SNPS,2014,1.64
SNPS,2015,1.43
SNPS,2016,1.73
SNPS,2017,0.88
SNPS,2018,2.82
MHK,2009,-0.08
MHK,2010,2.65
MHK,2011,2.52
MHK,2012,3.61
MHK,2013,4.82
MHK,2014,7.25
MHK,2015,8.31
MHK,2016,12.48
MHK,2017,12.98
MHK,2018,11.47
LIN,2009,4.01
LIN,2010,3.84
LIN,2011,5.45
LIN,2012,5.61
LIN,2013,5.87
LIN,2014,5.73
LIN,2015,5.35
LIN,2016,5.21
LIN,2017,4.32
LIN,2018,13.11
BSX,2009,-0.68
BSX,2010,-0.7
BSX,2011,0.29
BSX,2012,-2.89
BSX,2013,-0.09
BSX,2014,-0.09
BSX,2015,-0.18
BSX,2016,0.25
BSX,2017,0.08
BSX,2018,1.19
KSS,2008,2.89
KSS,2009,3.23
KSS,2010,3.66
KSS,2011,4.3
KSS,2012,4.17
KSS,2013,4.05
KSS,2014,4.24
KSS,2015,3.46
KSS,2016,3.11
KSS,2017,5.12
KSS,2018,4.84
STE,2008,1.86
STE,2009,2.16
STE,2010,0.85
STE,2011,2.31
STE,2012,2.72
STE,2013,2.17
STE,2014,2.25
STE,2015,1.56
STE,2016,1.28
STE,2017,3.39
STE,2018,3.56
DHI,2009,-1.72
DHI,2010,0.77
DHI,2011,0.23
DHI,2012,2.77
DHI,2013,1.33
DHI,2014,1.5
DHI,2015,2.03
DHI,2016,2.36
DHI,2017,2.74
DHI,2018,3.81
SBUX,2009,0.52
SBUX,2010,1.24
SBUX,2011,1.62
SBUX,2012,1.79
SBUX,2013,0.01
SBUX,2014,2.71
SBUX,2015,1.82
SBUX,2016,1.9
SBUX,2017,1.97
SBUX,2018,3.24
HPE,2013,1.1
HPE,2014,0.88
HPE,2015,1.35
HPE,2016,1.82
HPE,2017,0.21
HPE,2018,1.23
FTV,2013,2.35
FTV,2014,2.5
FTV,2015,2.45
FTV,2016,2.51
FTV,2017,2.96
FTV,2018,8.21
AGN,2009,1.96
AGN,2010,1.48
AGN,2011,2.06
AGN,2012,0.76
AGN,2013,-5.27
AGN,2014,-7.42
AGN,2015,10.01
AGN,2016,38.18
AGN,2017,-13.19
AGN,2018,-15.26
HUM,2009,
HUM,2009,6.15
HUM,2010,
HUM,2010,6.47
HUM,2011,
HUM,2011,8.46
HUM,2012,
HUM,2012,7.47
HUM,2013,
HUM,2013,7.73
HUM,2014,
HUM,2014,7.36
HUM,2015,
HUM,2015,8.44
HUM,2016,
HUM,2016,4.07
HUM,2017,
HUM,2017,16.81
HUM,2018,
HUM,2018,12.16
INTU,2009,1.35
INTU,2010,1.77
INTU,2011,2
INTU,2012,2.6
INTU,2013,2.83
INTU,2014,3.12
INTU,2015,1.28
INTU,2016,3.69
INTU,2017,3.72
INTU,2018,4.64
MCHP,2008,1.33
MCHP,2009,1.16
MCHP,2010,2.15
MCHP,2011,1.65
MCHP,2012,0.62
MCHP,2013,1.82
MCHP,2014,1.65
MCHP,2015,1.49
MCHP,2016,0.71
MCHP,2017,1.03
MCHP,2018,1.42
CB,2009,
CB,2009,7.55
CB,2010,
CB,2010,9.11
CB,2011,
CB,2011,4.65
CB,2012,
CB,2012,7.89
CB,2013,
CB,2013,10.92
CB,2014,
CB,2014,8.42
CB,2015,
CB,2015,8.62
CB,2016,
CB,2016,8.87
CB,2017,
CB,2017,8.19
CB,2018,
CB,2018,8.49
ORLY,2009,2.23
ORLY,2010,2.95
ORLY,2011,3.71
ORLY,2012,4.75
ORLY,2013,6.03
ORLY,2014,7.34
ORLY,2015,9.17
ORLY,2016,10.73
ORLY,2017,12.67
ORLY,2018,16.1
RCL,2009,0.75
RCL,2010,2.51
RCL,2011,2.77
RCL,2012,0.08
RCL,2013,2.14
RCL,2014,3.43
RCL,2015,3.02
RCL,2016,5.93
RCL,2017,7.53
RCL,2018,8.56
ARNC,2012,
ARNC,2013,
ARNC,2014,
ARNC,2015,-0.93
ARNC,2016,-2.31
ARNC,2017,-0.28
ARNC,2018,1.3
CDW,2009,
CDW,2010,
CDW,2011,
CDW,2012,
CDW,2013,0.84
CDW,2014,1.42
CDW,2015,2.35
CDW,2016,2.56
CDW,2017,3.31
CDW,2018,4.19
ALL,2009,
ALL,2009,1.58
ALL,2010,
ALL,2010,1.71
ALL,2011,
ALL,2011,1.51
ALL,2012,
ALL,2012,4.68
ALL,2013,
ALL,2013,4.81
ALL,2014,
ALL,2014,6.27
ALL,2015,
ALL,2015,5.05
ALL,2016,
ALL,2016,4.67
ALL,2017,
ALL,2017,8.36
ALL,2018,
ALL,2018,5.96
FLIR,2009,1.45
FLIR,2010,1.54
FLIR,2011,1.38
FLIR,2012,1.45
FLIR,2013,1.22
FLIR,2014,1.39
FLIR,2015,1.72
FLIR,2016,1.2
FLIR,2017,0.77
FLIR,2018,2.01
EQR,2009,
EQR,2009,1.27
EQR,2010,
EQR,2010,0.95
EQR,2011,
EQR,2011,2.95
EQR,2012,
EQR,2012,2.7
EQR,2013,
EQR,2013,5.16
EQR,2014,
EQR,2014,1.73
EQR,2015,
EQR,2015,2.36
EQR,2016,
EQR,2016,11.68
EQR,2017,
EQR,2017,1.63
EQR,2018,
EQR,2018,1.77
BWA,2009,0.23
BWA,2010,3.07
BWA,2011,4.45
BWA,2012,4.17
BWA,2013,2.7
BWA,2014,2.86
BWA,2015,2.7
BWA,2016,0.55
BWA,2017,2.08
BWA,2018,4.44
LW,2011,
LW,2012,
LW,2013,
LW,2014,1.85
LW,2015,1.97
LW,2016,2.22
LW,2017,2.82
MAR,2009,-0.97
MAR,2010,1.21
MAR,2011,0.55
MAR,2012,1.72
MAR,2013,2
MAR,2014,2.54
MAR,2015,3.15
MAR,2016,2.64
MAR,2017,3.61
MAR,2018,5.38
COST,2009,2.47
COST,2010,2.92
COST,2011,3.3
COST,2012,3.89
COST,2013,4.63
COST,2014,4.65
COST,2015,5.37
COST,2016,5.33
COST,2017,6.08
COST,2018,7.09
REG,2009,
REG,2009,-0.74
REG,2010,
REG,2010,-0.1
REG,2011,
REG,2011,0.35
REG,2012,
REG,2012,-0.08
REG,2013,
REG,2013,1.4
REG,2014,
REG,2014,1.8
REG,2015,
REG,2015,1.36
REG,2016,
REG,2016,1.42
REG,2017,
REG,2017,1
REG,2018,
REG,2018,1.46
INCY,2009,-2.06
INCY,2010,-0.26
INCY,2011,-1.49
INCY,2012,-0.34
INCY,2013,-0.56
INCY,2014,-0.29
INCY,2015,0.03
INCY,2016,0.54
INCY,2017,-1.53
INCY,2018,0.51
SPG,2009,
SPG,2009,1.05
SPG,2010,
SPG,2010,2.1
SPG,2011,
SPG,2011,3.48
SPG,2012,
SPG,2012,4.72
SPG,2013,
SPG,2013,4.24
SPG,2014,
SPG,2014,4.52
SPG,2015,
SPG,2015,5.88
SPG,2016,
SPG,2016,5.87
SPG,2017,
SPG,2017,6.24
SPG,2018,
SPG,2018,7.87
EMN,2009,1.85
EMN,2010,5.92
EMN,2011,4.86
EMN,2012,2.93
EMN,2013,7.44
EMN,2014,4.97
EMN,2015,5.66
EMN,2016,5.75
EMN,2017,9.47
EMN,2018,7.56
MAA,2009,
MAA,2009,0.85
MAA,2010,
MAA,2010,0.56
MAA,2011,
MAA,2011,1.31
MAA,2012,
MAA,2012,2.56
MAA,2013,
MAA,2013,2.25
MAA,2014,
MAA,2014,1.97
MAA,2015,
MAA,2015,4.41
MAA,2016,
MAA,2016,2.69
MAA,2017,
MAA,2017,2.86
MAA,2018,
MAA,2018,1.93
MLM,2009,1.91
MLM,2010,2.1
MLM,2011,1.78
MLM,2012,1.83
MLM,2013,2.61
MLM,2014,2.71
MLM,2015,4.29
MLM,2016,6.63
MLM,2017,11.25
MLM,2018,7.43
TSCO,2009,3.15
TSCO,2010,2.25
TSCO,2011,3.01
TSCO,2012,3.8
TSCO,2013,2.32
TSCO,2014,2.66
TSCO,2015,3
TSCO,2016,3.27
TSCO,2017,3.3
TSCO,2018,4.31
ALB,2009,1.95
ALB,2010,3.51
ALB,2011,4.77
ALB,2012,3.47
ALB,2013,4.9
ALB,2014,1.69
ALB,2015,3
ALB,2016,5.68
ALB,2017,0.49
ALB,2018,6.34
IVZ,2009,
IVZ,2009,0.76
IVZ,2010,
IVZ,2010,1.01
IVZ,2011,
IVZ,2011,1.57
IVZ,2012,
IVZ,2012,1.49
IVZ,2013,
IVZ,2013,2.1
IVZ,2014,
IVZ,2014,2.27
IVZ,2015,
IVZ,2015,2.26
IVZ,2016,
IVZ,2016,2.06
IVZ,2017,
IVZ,2017,2.75
IVZ,2018,
IVZ,2018,2.14
WRK,2009,5.75
WRK,2010,5.7
WRK,2011,2.77
WRK,2012,3.45
WRK,2013,9.95
WRK,2014,3.29
WRK,2015,2.93
WRK,2016,-1.54
WRK,2017,2.77
WRK,2018,7.34
AVB,2009,
AVB,2009,1.93
AVB,2010,
AVB,2010,2.07
AVB,2011,
AVB,2011,4.87
AVB,2012,
AVB,2012,4.32
AVB,2013,
AVB,2013,2.78
AVB,2014,
AVB,2014,5.21
AVB,2015,
AVB,2015,5.51
AVB,2016,
AVB,2016,7.52
AVB,2017,
AVB,2017,6.35
AVB,2018,
AVB,2018,7.05
CPRT,2009,1.66
CPRT,2010,1.78
CPRT,2011,2.17
CPRT,2012,1.39
CPRT,2013,1.39
CPRT,2014,1.36
CPRT,2015,1.67
CPRT,2016,2.21
CPRT,2017,1.66
CPRT,2018,1.73
PLD,2009,
PLD,2009,-0.01
PLD,2010,
PLD,2010,-2.64
PLD,2011,
PLD,2011,-0.51
PLD,2012,
PLD,2012,-0.18
PLD,2013,
PLD,2013,0.64
PLD,2014,
PLD,2014,1.24
PLD,2015,
PLD,2015,1.64
PLD,2016,
PLD,2016,2.27
PLD,2017,
PLD,2017,3.06
PLD,2018,
PLD,2018,2.87
ESS,2009,
ESS,2009,2.91
ESS,2010,
ESS,2010,1.14
ESS,2011,
ESS,2011,1.24
ESS,2012,
ESS,2012,3.41
ESS,2013,
ESS,2013,4.04
ESS,2014,
ESS,2014,2.06
ESS,2015,
ESS,2015,3.49
ESS,2016,
ESS,2016,6.27
ESS,2017,
ESS,2017,6.57
ESS,2018,
ESS,2018,5.9
AIV,2009,
AIV,2009,-1
AIV,2010,
AIV,2010,-1.08
AIV,2011,
AIV,2011,-0.86
AIV,2012,
AIV,2012,0.61
AIV,2013,
AIV,2013,1.4
AIV,2014,
AIV,2014,2.06
AIV,2015,
AIV,2015,1.52
AIV,2016,
AIV,2016,2.67
AIV,2017,
AIV,2017,1.96
AIV,2018,
AIV,2018,4.21
O,2009,
O,2009,1.03
O,2010,
O,2010,1.01
O,2011,
O,2011,1.05
O,2012,
O,2012,0.86
O,2013,
O,2013,1.06
O,2014,
O,2014,1.04
O,2015,
O,2015,1.09
O,2016,
O,2016,1.13
O,2017,
O,2017,1.1
O,2018,
O,2018,1.26
FTI,2009,2.28
FTI,2010,5.06
FTI,2011,1.43
FTI,2012,1.49
FTI,2013,1.61
FTI,2014,1.1
FTI,2015,0.11
FTI,2016,0.62
FTI,2017,0.24
FTI,2018,-4.2
COF,2009,
COF,2009,0.74
COF,2010,
COF,2010,6.01
COF,2011,
COF,2011,6.8
COF,2012,
COF,2012,6.16
COF,2013,
COF,2013,6.96
COF,2014,
COF,2014,7.59
COF,2015,
COF,2015,7.07
COF,2016,
COF,2016,6.89
COF,2017,
COF,2017,3.49
COF,2018,
COF,2018,11.82
DLTR,2008,2.53
DLTR,2009,3.56
DLTR,2010,3.1
DLTR,2011,4.03
DLTR,2012,2.68
DLTR,2013,2.72
DLTR,2014,2.9
DLTR,2015,1.26
DLTR,2016,3.78
DLTR,2017,7.21
DLTR,2018,-6.66
ABC,2009,1.66
ABC,2010,2.22
ABC,2011,2.54
ABC,2012,2.8
ABC,2013,1.84
ABC,2014,1.17
ABC,2015,-0.62
ABC,2016,6.32
ABC,2017,1.64
ABC,2018,7.53
DRI,2008,2.65
DRI,2009,2.84
DRI,2010,3.39
DRI,2011,3.57
DRI,2012,3.13
DRI,2013,2.15
DRI,2014,5.47
DRI,2015,2.9
DRI,2016,3.8
DRI,2017,4.73
DRI,2018,5.69
RMD,2009,1.9
RMD,2010,2.45
RMD,2011,1.44
RMD,2012,1.71
RMD,2013,2.1
RMD,2014,2.39
RMD,2015,2.47
RMD,2016,2.49
RMD,2017,2.4
RMD,2018,2.19
DOW,2013,
DOW,2014,
DOW,2015,
DOW,2016,5.31
DOW,2017,0.62
DOW,2018,6.01
FOXA,2014,
FOXA,2015,
FOXA,2016,
FOXA,2017,2.21
FOXA,2018,3.52
CTVA,2014,
CTVA,2015,
CTVA,2016,
CTVA,2017,3.65
CTVA,2018,-6.73
DISH,2009,1.42
DISH,2010,2.2
DISH,2011,3.39
DISH,2012,1.41
DISH,2013,1.76
DISH,2014,2.04
DISH,2015,1.61
DISH,2016,3.05
DISH,2017,4.07
DISH,2018,3
WAB,2009,2.39
WAB,2010,2.56
WAB,2011,3.51
WAB,2012,5.19
WAB,2013,3.01
WAB,2014,3.62
WAB,2015,4.1
WAB,2016,3.34
WAB,2017,2.72
WAB,2018,3.05
RE,2009,
RE,2009,13.22
RE,2010,
RE,2010,10.7
RE,2011,
RE,2011,-1.49
RE,2012,
RE,2012,15.79
RE,2013,
RE,2013,25.44
RE,2014,
RE,2014,25.91
RE,2015,
RE,2015,22.1
RE,2016,
RE,2016,23.68
RE,2017,
RE,2017,11.36
RE,2018,
RE,2018,2.53
DVA,2009,4.06
DVA,2010,3.94
DVA,2011,4.96
DVA,2012,5.47
DVA,2013,2.95
DVA,2014,3.33
DVA,2015,1.25
DVA,2016,4.29
DVA,2017,3.47
DVA,2018,0.92
HSIC,2009,3.44
HSIC,2010,3.49
HSIC,2011,3.97
HSIC,2012,4.32
HSIC,2013,4.93
HSIC,2014,5.44
HSIC,2015,5.69
HSIC,2016,6.19
HSIC,2017,2.57
HSIC,2018,3.49
EL,2009,1.1
EL,2010,2.38
EL,2011,3.48
EL,2012,2.16
EL,2013,2.58
EL,2014,3.06
EL,2015,2.82
EL,2016,2.96
EL,2017,3.35
EL,2018,2.95
WAT,2009,3.34
WAT,2010,4.06
WAT,2011,4.69
WAT,2012,5.19
WAT,2013,5.2
WAT,2014,5.07
WAT,2015,5.65
WAT,2016,6.41
WAT,2017,0.25
WAT,2018,7.65
NTAP,2008,0.26
NTAP,2009,1.13
NTAP,2010,1.71
NTAP,2011,1.58
NTAP,2012,1.37
NTAP,2013,1.83
NTAP,2014,1.75
NTAP,2015,0.77
NTAP,2016,1.81
NTAP,2017,0.28
NTAP,2018,4.51
CTXS,2009,1.03
CTXS,2010,1.46
CTXS,2011,1.87
CTXS,2012,1.86
CTXS,2013,1.8
CTXS,2014,1.47
CTXS,2015,1.99
CTXS,2016,3.41
CTXS,2017,-0.13
CTXS,2018,3.94
HIG,2009,
HIG,2009,-2.93
HIG,2010,
HIG,2010,2.49
HIG,2011,
HIG,2011,1.3
HIG,2012,
HIG,2012,-0.18
HIG,2013,
HIG,2013,0.34
HIG,2014,
HIG,2014,1.73
HIG,2015,
HIG,2015,3.96
HIG,2016,
HIG,2016,2.27
HIG,2017,
HIG,2017,-8.61
HIG,2018,
HIG,2018,4.95
ALXN,2009,3.26
ALXN,2010,1.04
ALXN,2011,0.91
ALXN,2012,1.28
ALXN,2013,1.27
ALXN,2014,3.26
ALXN,2015,0.67
ALXN,2016,1.76
ALXN,2017,1.97
ALXN,2018,0.35
IRM,2009,1.08
IRM,2010,-0.27
IRM,2011,2.02
IRM,2012,0.98
IRM,2013,0.5
IRM,2014,1.66
IRM,2015,0.58
IRM,2016,0.42
IRM,2017,0.69
IRM,2018,1.27
TRV,2009,
TRV,2009,6.33
TRV,2010,
TRV,2010,6.62
TRV,2011,
TRV,2011,3.36
TRV,2012,
TRV,2012,6.3
TRV,2013,
TRV,2013,9.74
TRV,2014,
TRV,2014,10.7
TRV,2015,
TRV,2015,10.88
TRV,2016,
TRV,2016,10.28
TRV,2017,
TRV,2017,7.33
TRV,2018,
TRV,2018,9.28
ANSS,2009,1.27
ANSS,2010,1.64
ANSS,2011,1.91
ANSS,2012,2.14
ANSS,2013,2.58
ANSS,2014,2.7
ANSS,2015,2.76
ANSS,2016,2.99
ANSS,2017,2.98
ANSS,2018,4.88
ETFC,2009,
ETFC,2009,-1.18
ETFC,2010,
ETFC,2010,-0.13
ETFC,2011,
ETFC,2011,0.54
ETFC,2012,
ETFC,2012,-0.39
ETFC,2013,
ETFC,2013,0.29
ETFC,2014,
ETFC,2014,1
ETFC,2015,
ETFC,2015,0.91
ETFC,2016,
ETFC,2016,1.98
ETFC,2017,
ETFC,2017,2.15
ETFC,2018,
ETFC,2018,3.88
NOV,2009,3.52
NOV,2010,3.98
NOV,2011,4.7
NOV,2012,5.83
NOV,2013,5.44
NOV,2014,5.82
NOV,2015,-1.99
NOV,2016,-6.41
NOV,2017,-0.63
NOV,2018,-0.08
DGX,2009,3.87
DGX,2010,4.05
DGX,2011,2.92
DGX,2012,3.46
DGX,2013,5.54
DGX,2014,3.81
DGX,2015,4.87
DGX,2016,4.51
DGX,2017,5.5
DGX,2018,5.29
KMX,2008,0.27
KMX,2009,1.26
KMX,2010,1.67
KMX,2011,1.79
KMX,2012,1.87
KMX,2013,2.16
KMX,2014,2.73
KMX,2015,3.03
KMX,2016,3.26
KMX,2017,3.6
KMX,2018,4.79
TTWO,2009,-1.8
TTWO,2010,0.56
TTWO,2011,-1.31
TTWO,2012,-0.34
TTWO,2013,3.2
TTWO,2014,-3.48
TTWO,2015,-0.1
TTWO,2016,0.72
TTWO,2017,1.54
TTWO,2018,2.9
AMZN,2009,2.04
AMZN,2010,2.53
AMZN,2011,1.37
AMZN,2012,-0.09
AMZN,2013,0.59
AMZN,2014,-0.52
AMZN,2015,1.25
AMZN,2016,4.9
AMZN,2017,6.15
AMZN,2018,20.14
ARE,2009,
ARE,2009,2.72
ARE,2010,
ARE,2010,2.19
ARE,2011,
ARE,2011,1.73
ARE,2012,
ARE,2012,1.09
ARE,2013,
ARE,2013,1.6
ARE,2014,
ARE,2014,1.01
ARE,2015,
ARE,2015,1.63
ARE,2016,
ARE,2016,-1.99
ARE,2017,
ARE,2017,1.58
ARE,2018,
ARE,2018,3.52
QRVO,2008,-3.42
QRVO,2009,0.25
QRVO,2010,0.44
QRVO,2011,0
QRVO,2012,-0.19
QRVO,2013,0.04
QRVO,2014,2.11
QRVO,2015,-0.2
QRVO,2016,-0.13
QRVO,2017,-0.32
QRVO,2018,1.05
RL,2008,4.01
RL,2009,4.73
RL,2010,5.75
RL,2011,7.13
RL,2012,8
RL,2013,8.43
RL,2014,7.88
RL,2015,4.62
RL,2016,-1.2
RL,2017,1.97
RL,2018,5.27
BXP,2009,
BXP,2009,1.76
BXP,2010,
BXP,2010,1.14
BXP,2011,
BXP,2011,1.86
BXP,2012,
BXP,2012,1.92
BXP,2013,
BXP,2013,4.86
BXP,2014,
BXP,2014,2.83
BXP,2015,
BXP,2015,3.72
BXP,2016,
BXP,2016,3.26
BXP,2017,
BXP,2017,2.93
BXP,2018,
BXP,2018,3.7
SLG,2009,
SLG,2009,0.54
SLG,2010,
SLG,2010,3.45
SLG,2011,
SLG,2011,7.33
SLG,2012,
SLG,2012,1.74
SLG,2013,
SLG,2013,1.1
SLG,2014,
SLG,2014,5.23
SLG,2015,
SLG,2015,2.7
SLG,2016,
SLG,2016,2.34
SLG,2017,
SLG,2017,0.87
SLG,2018,
SLG,2018,2.67
YUM,2009,2.22
YUM,2010,2.38
YUM,2011,2.74
YUM,2012,3.38
YUM,2013,2.36
YUM,2014,2.32
YUM,2015,2.92
YUM,2016,4.04
YUM,2017,3.77
YUM,2018,4.69
CHRW,2009,2.13
CHRW,2010,2.33
CHRW,2011,2.62
CHRW,2012,3.67
CHRW,2013,2.65
CHRW,2014,3.05
CHRW,2015,3.51
CHRW,2016,3.59
CHRW,2017,3.57
CHRW,2018,4.73
MTD,2009,5.03
MTD,2010,6.8
MTD,2011,8.21
MTD,2012,9.14
MTD,2013,9.96
MTD,2014,11.44
MTD,2015,12.48
MTD,2016,14.22
MTD,2017,14.24
MTD,2018,19.88
URI,2009,-1.02
URI,2010,-0.44
URI,2011,1.38
URI,2012,0.79
URI,2013,3.64
URI,2014,5.15
URI,2015,6.07
URI,2016,6.45
URI,2017,15.73
URI,2018,13.12
VRSN,2009,1.28
VRSN,2010,4.64
VRSN,2011,0.86
VRSN,2012,1.95
VRSN,2013,3.49
VRSN,2014,2.52
VRSN,2015,2.82
VRSN,2016,3.42
VRSN,2017,3.68
VRSN,2018,4.75
PWR,2009,0.81
PWR,2010,0.72
PWR,2011,0.62
PWR,2012,1.44
PWR,2013,1.87
PWR,2014,1.35
PWR,2015,1.59
PWR,2016,1.26
PWR,2017,2
PWR,2018,1.9
AMCR,2009,0.81
AMCR,2010,0.53
AMCR,2011,1.23
AMCR,2012,1.37
AMCR,2013,1.8
AMCR,2014,1.73
AMCR,2015,2.22
AMCR,2016,0.83
AMCR,2017,2.04
AMCR,2018,2.49
NLSN,2009,
NLSN,2010,
NLSN,2011,0.24
NLSN,2012,0.75
NLSN,2013,1.94
NLSN,2014,1
NLSN,2015,1.54
NLSN,2016,1.39
NLSN,2017,1.2
NLSN,2018,-2
NCLH,2009,
NCLH,2010,0.11
NCLH,2011,0.63
NCLH,2012,0.84
NCLH,2013,0.49
NCLH,2014,1.62
NCLH,2015,1.86
NCLH,2016,2.78
NCLH,2017,3.31
NCLH,2018,4.25
AMT,2009,0.61
AMT,2010,0.92
AMT,2011,0.99
AMT,2012,1.6
AMT,2013,1.38
AMT,2014,2
AMT,2015,1.41
AMT,2016,1.98
AMT,2017,2.67
AMT,2018,2.77
VTR,2009,
VTR,2009,1.74
VTR,2010,
VTR,2010,1.56
VTR,2011,
VTR,2011,1.58
VTR,2012,
VTR,2012,1.23
VTR,2013,
VTR,2013,1.54
VTR,2014,
VTR,2014,1.6
VTR,2015,
VTR,2015,1.25
VTR,2016,
VTR,2016,1.86
VTR,2017,
VTR,2017,3.78
VTR,2018,
VTR,2018,1.14
CTSH,2009,1.78
CTSH,2010,2.37
CTSH,2011,2.85
CTSH,2012,3.44
CTSH,2013,4.03
CTSH,2014,2.35
CTSH,2015,2.65
CTSH,2016,2.55
CTSH,2017,2.53
CTSH,2018,3.6
RSG,2009,1.3
RSG,2010,1.32
RSG,2011,1.56
RSG,2012,1.55
RSG,2013,1.62
RSG,2014,1.53
RSG,2015,2.13
RSG,2016,1.78
RSG,2017,3.77
RSG,2018,3.16
CCI,2009,-0.47
CCI,2010,-1.16
CCI,2011,0.52
CCI,2012,0.64
CCI,2013,0.26
CCI,2014,1.04
CCI,2015,4.42
CCI,2016,0.95
CCI,2017,1.01
CCI,2018,1.34
EBAY,2009,1.83
EBAY,2010,1.36
EBAY,2011,2.46
EBAY,2012,1.99
EBAY,2013,2.18
EBAY,2014,0.04
EBAY,2015,1.42
EBAY,2016,6.35
EBAY,2017,-0.95
EBAY,2018,2.55
GS,2009,
GS,2009,22.13
GS,2010,
GS,2010,13.18
GS,2011,
GS,2011,4.51
GS,2012,
GS,2012,14.13
GS,2013,
GS,2013,15.46
GS,2014,
GS,2014,17.07
GS,2015,
GS,2015,12.14
GS,2016,
GS,2016,16.29
GS,2017,
GS,2017,9.01
GS,2018,
GS,2018,25.27
NVDA,2008,-0.05
NVDA,2009,-0.12
NVDA,2010,0.43
NVDA,2011,0.94
NVDA,2012,0.9
NVDA,2013,0.74
NVDA,2014,1.12
NVDA,2015,1.08
NVDA,2016,2.57
NVDA,2017,4.82
NVDA,2018,6.63
APTV,2009,28.33
APTV,2010,1.92
APTV,2011,3.49
APTV,2012,3.33
APTV,2013,3.89
APTV,2014,4.48
APTV,2015,5.06
APTV,2016,4.59
APTV,2017,5.06
APTV,2018,4.02
BKNG,2009,9.88
BKNG,2010,10.35
BKNG,2011,20.63
BKNG,2012,27.66
BKNG,2013,36.11
BKNG,2014,45.67
BKNG,2015,49.45
BKNG,2016,42.65
BKNG,2017,46.86
BKNG,2018,83.26
FFIV,2009,1.14
FFIV,2010,1.86
FFIV,2011,2.96
FFIV,2012,3.45
FFIV,2013,3.5
FFIV,2014,4.09
FFIV,2015,5.03
FFIV,2016,5.38
FFIV,2017,6.5
FFIV,2018,7.32
SBAC,2009,-1.2
SBAC,2010,-1.68
SBAC,2011,-1.13
SBAC,2012,-1.51
SBAC,2013,-0.44
SBAC,2014,-0.19
SBAC,2015,-1.37
SBAC,2016,0.61
SBAC,2017,0.86
SBAC,2018,0.41
JNPR,2009,0.22
JNPR,2010,1.15
JNPR,2011,0.79
JNPR,2012,0.35
JNPR,2013,0.86
JNPR,2014,-0.73
JNPR,2015,1.59
JNPR,2016,1.53
JNPR,2017,0.8
JNPR,2018,1.6
BLK,2009,
BLK,2009,6.11
BLK,2010,
BLK,2010,10.55
BLK,2011,
BLK,2011,12.37
BLK,2012,
BLK,2012,13.79
BLK,2013,
BLK,2013,16.87
BLK,2014,
BLK,2014,19.25
BLK,2015,
BLK,2015,19.79
BLK,2016,
BLK,2016,19.04
BLK,2017,
BLK,2017,30.23
BLK,2018,
BLK,2018,26.58
AKAM,2009,0.78
AKAM,2010,0.9
AKAM,2011,1.07
AKAM,2012,1.12
AKAM,2013,1.61
AKAM,2014,1.84
AKAM,2015,1.78
AKAM,2016,1.79
AKAM,2017,1.26
AKAM,2018,1.76
CHTR,2009,99.4
CHTR,2010,-2.09
CHTR,2011,-3.39
CHTR,2012,-3.05
CHTR,2013,-1.65
CHTR,2014,-1.7
CHTR,2015,-2.43
CHTR,2016,15.94
CHTR,2017,34.09
CHTR,2018,5.22
EXPE,2009,1.03
EXPE,2010,1.46
EXPE,2011,3.41
EXPE,2012,2
EXPE,2013,1.67
EXPE,2014,2.99
EXPE,2015,5.7
EXPE,2016,1.82
EXPE,2017,2.42
EXPE,2018,2.65
A,2009,-0.09
A,2010,1.94
A,2011,2.85
A,2012,3.27
A,2013,2.1
A,2014,1.49
A,2015,1.2
A,2016,1.4
A,2017,2.1
A,2018,0.97
PKG,2009,2.6
PKG,2010,2
PKG,2011,1.57
PKG,2012,1.68
PKG,2013,4.47
PKG,2014,3.99
PKG,2015,4.47
PKG,2016,4.75
PKG,2017,7.07
PKG,2018,7.8
EW,2009,3.9
EW,2010,1.83
EW,2011,1.98
EW,2012,2.48
EW,2013,3.44
EW,2014,7.48
EW,2015,2.25
EW,2016,2.61
EW,2017,2.7
EW,2018,3.38
MET,2009,
MET,2009,-2.89
MET,2010,
MET,2010,3
MET,2011,
MET,2011,6.29
MET,2012,
MET,2012,1.12
MET,2013,
MET,2013,2.91
MET,2014,
MET,2014,5.42
MET,2015,
MET,2015,4.57
MET,2016,
MET,2016,0.63
MET,2017,
MET,2017,3.62
MET,2018,
MET,2018,4.91
NRG,2009,3.44
NRG,2010,1.84
NRG,2011,0.78
NRG,2012,2.35
NRG,2013,-1.22
NRG,2014,0.23
NRG,2015,-19.46
NRG,2016,-2.22
NRG,2017,-6.79
NRG,2018,0.87
ISRG,2009,5.93
ISRG,2010,9.47
ISRG,2011,12.32
ISRG,2012,15.98
ISRG,2013,16.73
ISRG,2014,11.11
ISRG,2015,15.54
ISRG,2016,18.73
ISRG,2017,5.67
ISRG,2018,9.49
ILMN,2009,0.53
ILMN,2010,0.87
ILMN,2011,0.62
ILMN,2012,1.13
ILMN,2013,0.9
ILMN,2014,2.37
ILMN,2015,3.1
ILMN,2016,3.07
ILMN,2017,4.92
ILMN,2018,5.56
EQIX,2009,1.75
EQIX,2010,0.82
EQIX,2011,1.72
EQIX,2012,2.92
EQIX,2013,1.89
EQIX,2014,-4.96
EQIX,2015,3.21
EQIX,2016,1.79
EQIX,2017,3
EQIX,2018,4.56
MCO,2009,1.69
MCO,2010,2.15
MCO,2011,2.49
MCO,2012,3.05
MCO,2013,3.6
MCO,2014,4.61
MCO,2015,4.63
MCO,2016,1.36
MCO,2017,5.15
MCO,2018,6.74
TPR,2009,1.91
TPR,2010,2.33
TPR,2011,2.92
TPR,2012,3.53
TPR,2013,3.61
TPR,2014,2.79
TPR,2015,1.45
TPR,2016,1.65
TPR,2017,2.09
TPR,2018,1.38
ALGN,2009,-0.45
ALGN,2010,0.95
ALGN,2011,0.83
ALGN,2012,0.71
ALGN,2013,0.78
ALGN,2014,1.77
ALGN,2015,1.77
ALGN,2016,2.33
ALGN,2017,2.83
ALGN,2018,4.92
GRMN,2009,3.5
GRMN,2010,2.95
GRMN,2011,2.67
GRMN,2012,2.76
GRMN,2013,3.12
GRMN,2014,1.88
GRMN,2015,2.39
GRMN,2016,2.7
GRMN,2017,3.68
GRMN,2018,3.66
GPN,2008,0.46
GPN,2009,2.48
GPN,2010,2.6
GPN,2011,2.37
GPN,2012,2.76
GPN,2013,3.37
GPN,2014,4.12
GPN,2015,2.04
GPN,2016,1.07
GPN,2017,3.01
GPN,2018,2.84
MDLZ,2009,2.03
MDLZ,2010,2.39
MDLZ,2011,1.99
MDLZ,2012,1.69
MDLZ,2013,2.19
MDLZ,2014,1.28
MDLZ,2015,4.44
MDLZ,2016,1.05
MDLZ,2017,1.91
MDLZ,2018,2.28
PRU,2009,
PRU,2009,7.63
PRU,2010,
PRU,2010,5.75
PRU,2011,
PRU,2011,7.22
PRU,2012,
PRU,2012,0.94
PRU,2013,
PRU,2013,-1.55
PRU,2014,
PRU,2014,3.23
PRU,2015,
PRU,2015,12.17
PRU,2016,
PRU,2016,9.71
PRU,2017,
PRU,2017,17.86
PRU,2018,
PRU,2018,9.5
ACN,2009,2.44
ACN,2010,2.66
ACN,2011,3.4
ACN,2012,3.84
ACN,2013,4.93
ACN,2014,4.52
ACN,2015,4.76
ACN,2016,6.45
ACN,2017,5.44
ACN,2018,6.34
ADS,2009,2.49
ADS,2010,3.48
ADS,2011,5.45
ADS,2012,6.58
ADS,2013,7.42
ADS,2014,7.87
ADS,2015,8.85
ADS,2016,7.34
ADS,2017,14.1
ADS,2018,17.49
WLTW,2009,2.59
WLTW,2010,2.66
WLTW,2011,1.16
WLTW,2012,-2.58
WLTW,2013,2.04
WLTW,2014,2
WLTW,2015,
WLTW,2015,2.04
WLTW,2016,
WLTW,2016,3.04
WLTW,2017,
WLTW,2017,4.18
WLTW,2018,
WLTW,2018,5.27
ZBH,2009,3.32
ZBH,2010,2.97
ZBH,2011,4.03
ZBH,2012,4.29
ZBH,2013,4.43
ZBH,2014,4.19
ZBH,2015,0.77
ZBH,2016,1.5
ZBH,2017,8.9
ZBH,2018,-1.86
ANTM,2009,
ANTM,2009,9.88
ANTM,2010,
ANTM,2010,6.94
ANTM,2011,
ANTM,2011,7.25
ANTM,2012,
ANTM,2012,8.18
ANTM,2013,
ANTM,2013,8.2
ANTM,2014,
ANTM,2014,8.99
ANTM,2015,
ANTM,2015,9.38
ANTM,2016,
ANTM,2016,9.21
ANTM,2017,
ANTM,2017,14.35
ANTM,2018,
ANTM,2018,14.19
CNC,2009,
CNC,2009,1.89
CNC,2010,
CNC,2010,1.88
CNC,2011,
CNC,2011,2.12
CNC,2012,
CNC,2012,0.03
CNC,2013,
CNC,2013,2.94
CNC,2014,
CNC,2014,4.5
CNC,2015,
CNC,2015,2.88
CNC,2016,
CNC,2016,3.43
CNC,2017,
CNC,2017,4.69
CNC,2018,
CNC,2018,4.52
PFG,2009,
PFG,2009,1.97
PFG,2010,
PFG,2010,2.06
PFG,2011,
PFG,2011,2.15
PFG,2012,
PFG,2012,2.57
PFG,2013,
PFG,2013,2.95
PFG,2014,
PFG,2014,3.65
PFG,2015,
PFG,2015,4.06
PFG,2016,
PFG,2016,4.5
PFG,2017,
PFG,2017,7.88
PFG,2018,
PFG,2018,5.36
AAP,2009,2.83
AAP,2010,3.95
AAP,2011,5.11
AAP,2012,5.22
AAP,2013,5.32
AAP,2014,6.71
AAP,2015,6.4
AAP,2016,6.2
AAP,2017,6.42
AAP,2018,5.73
NFLX,2009,1.98
NFLX,2010,2.96
NFLX,2011,4.16
NFLX,2012,0.29
NFLX,2013,1.85
NFLX,2014,4.32
NFLX,2015,0.28
NFLX,2016,0.43
NFLX,2017,1.25
NFLX,2018,2.68
TDG,2009,3.23
TDG,2010,2.52
TDG,2011,3.17
TDG,2012,5.97
TDG,2013,2.39
TDG,2014,3.16
TDG,2015,7.84
TDG,2016,10.39
TDG,2017,7.88
TDG,2018,16.2
CME,2009,
CME,2009,12.41
CME,2010,
CME,2010,14.31
CME,2011,
CME,2011,27.15
CME,2012,
CME,2012,2.7
CME,2013,
CME,2013,2.92
CME,2014,
CME,2014,3.35
CME,2015,
CME,2015,3.69
CME,2016,
CME,2016,4.53
CME,2017,
CME,2017,11.94
CME,2018,
CME,2018,5.71
WYNN,2009,0.17
WYNN,2010,1.29
WYNN,2011,4.88
WYNN,2012,4.82
WYNN,2013,7.17
WYNN,2014,7.18
WYNN,2015,1.92
WYNN,2016,2.38
WYNN,2017,7.28
WYNN,2018,5.35
NDAQ,2009,
NDAQ,2009,1.25
NDAQ,2010,
NDAQ,2010,1.91
NDAQ,2011,
NDAQ,2011,2.15
NDAQ,2012,
NDAQ,2012,2.04
NDAQ,2013,
NDAQ,2013,2.25
NDAQ,2014,
NDAQ,2014,2.39
NDAQ,2015,
NDAQ,2015,2.5
NDAQ,2016,
NDAQ,2016,0.64
NDAQ,2017,
NDAQ,2017,4.33
NDAQ,2018,
NDAQ,2018,2.73
XEC,2009,-3.82
XEC,2010,6.7
XEC,2011,6.15
XEC,2012,4.07
XEC,2013,6.47
XEC,2014,5.78
XEC,2015,-25.92
XEC,2016,-4.38
XEC,2017,5.19
XEC,2018,8.32
STX,2009,-6.32
STX,2010,3.14
STX,2011,1.09
STX,2012,6.49
STX,2013,4.81
STX,2014,4.52
STX,2015,5.26
STX,2016,0.82
STX,2017,2.58
STX,2018,4.05
LKQ,2009,0.89
LKQ,2010,1.16
LKQ,2011,1.42
LKQ,2012,0.87
LKQ,2013,1.02
LKQ,2014,1.25
LKQ,2015,1.38
LKQ,2016,1.5
LKQ,2017,1.72
LKQ,2018,1.52
AIZ,2009,
AIZ,2009,3.63
AIZ,2010,
AIZ,2010,2.5
AIZ,2011,
AIZ,2011,5.58
AIZ,2012,
AIZ,2012,5.67
AIZ,2013,
AIZ,2013,6.3
AIZ,2014,
AIZ,2014,6.44
AIZ,2015,
AIZ,2015,2.05
AIZ,2016,
AIZ,2016,9.13
AIZ,2017,
AIZ,2017,9.39
AIZ,2018,
AIZ,2018,3.98
CRM,2008,0.35
CRM,2009,0.63
CRM,2010,0.47
CRM,2011,-0.09
CRM,2012,-1.92
CRM,2013,-0.39
CRM,2014,-0.42
CRM,2015,-0.07
CRM,2016,0.26
CRM,2017,0.17
CRM,2018,1.43
MKTX,2009,
MKTX,2009,0.42
MKTX,2010,
MKTX,2010,0.8
MKTX,2011,
MKTX,2011,1.2
MKTX,2012,
MKTX,2012,1.59
MKTX,2013,
MKTX,2013,2.01
MKTX,2014,
MKTX,2014,1.97
MKTX,2015,
MKTX,2015,2.55
MKTX,2016,
MKTX,2016,3.34
MKTX,2017,
MKTX,2017,3.89
MKTX,2018,
MKTX,2018,4.57
MA,2009,
MA,2009,11.16
MA,2010,
MA,2010,14.05
MA,2011,
MA,2011,14.85
MA,2012,
MA,2012,21.94
MA,2013,
MA,2013,25.6
MA,2014,
MA,2014,3.1
MA,2015,
MA,2015,3.35
MA,2016,
MA,2016,3.69
MA,2017,
MA,2017,3.65
MA,2018,
MA,2018,5.6
GOOGL,2009,20.41
GOOGL,2010,26.31
GOOGL,2011,29.76
GOOGL,2012,32.31
GOOGL,2013,38.13
GOOGL,2014,21.02
GOOGL,2015,22.84
GOOGL,2016,27.85
GOOGL,2017,18
GOOGL,2018,43.7
EXR,2009,
EXR,2009,0.37
EXR,2010,
EXR,2010,0.3
EXR,2011,
EXR,2011,0.54
EXR,2012,
EXR,2012,1.14
EXR,2013,
EXR,2013,1.53
EXR,2014,
EXR,2014,1.53
EXR,2015,
EXR,2015,1.56
EXR,2016,
EXR,2016,2.91
EXR,2017,
EXR,2017,3.76
EXR,2018,
EXR,2018,3.27
DLR,2009,
DLR,2009,0.61
DLR,2010,
DLR,2010,0.68
DLR,2011,
DLR,2011,1.32
DLR,2012,
DLR,2012,1.48
DLR,2013,
DLR,2013,2.12
DLR,2014,
DLR,2014,0.99
DLR,2015,
DLR,2015,1.56
DLR,2016,
DLR,2016,2.2
DLR,2017,
DLR,2017,0.99
DLR,2018,
DLR,2018,1.21
LVS,2009,-0.82
LVS,2010,0.51
LVS,2011,1.56
LVS,2012,1.85
LVS,2013,2.79
LVS,2014,3.52
LVS,2015,2.47
LVS,2016,2.1
LVS,2017,3.54
LVS,2018,3.07
MOS,2008,5.27
MOS,2009,1.85
MOS,2010,5.62
MOS,2011,4.42
MOS,2012,4.42
MOS,2013,1.94
MOS,2014,2.68
MOS,2015,2.78
MOS,2016,0.85
MOS,2017,-0.31
MOS,2018,1.22
CE,2009,3.11
CE,2010,2.38
CE,2011,3.82
CE,2012,3.79
CE,2013,6.91
CE,2014,4
CE,2015,2
CE,2016,6.18
CE,2017,6.09
CE,2018,8.91
INFO,2009,2.11
INFO,2010,2.18
INFO,2011,2.06
INFO,2012,2.37
INFO,2013,1.95
INFO,2014,2.81
INFO,2015,3.47
INFO,2016,0.48
INFO,2017,1
INFO,2018,1.33
ICE,2009,
ICE,2009,4.27
ICE,2010,
ICE,2010,5.35
ICE,2011,
ICE,2011,6.9
ICE,2012,
ICE,2012,7.52
ICE,2013,
ICE,2013,3.21
ICE,2014,
ICE,2014,8.55
ICE,2015,
ICE,2015,11.39
ICE,2016,
ICE,2016,2.37
ICE,2017,
ICE,2017,4.23
ICE,2018,
ICE,2018,3.43
CF,2009,7.42
CF,2010,5.34
CF,2011,21.98
CF,2012,28.59
CF,2013,24.74
CF,2014,27.08
CF,2015,2.96
CF,2016,-1.19
CF,2017,1.53
CF,2018,1.24
DISCA,2009,1.3
DISCA,2010,1.52
DISCA,2011,2.8
DISCA,2012,2.48
DISCA,2013,2.97
DISCA,2014,1.66
DISCA,2015,1.58
DISCA,2016,1.96
DISCA,2017,-0.59
DISCA,2018,0.86
AMP,2009,
AMP,2009,2.95
AMP,2010,
AMP,2010,4.18
AMP,2011,
AMP,2011,4.37
AMP,2012,
AMP,2012,4.62
AMP,2013,
AMP,2013,6.44
AMP,2014,
AMP,2014,8.3
AMP,2015,
AMP,2015,8.48
AMP,2016,
AMP,2016,7.81
AMP,2017,
AMP,2017,9.44
AMP,2018,
AMP,2018,14.2
UAA,2009,0.92
UAA,2010,1.34
UAA,2011,1.85
UAA,2012,1.21
UAA,2013,1.5
UAA,2014,0.95
UAA,2015,1.05
UAA,2016,0.45
UAA,2017,-0.11
UAA,2018,-0.1
LDOS,2008,1.12
LDOS,2009,1.24
LDOS,2010,1.63
LDOS,2011,0.18
LDOS,2012,1.54
LDOS,2013,1.94
LDOS,2014,-4.36
LDOS,2015,3.27
LDOS,2016,2.35
LDOS,2017,2.38
LDOS,2018,3.8
LYV,2009,-0.73
LYV,2010,-1.39
LYV,2011,-0.46
LYV,2012,-0.87
LYV,2013,-0.22
LYV,2014,-0.49
LYV,2015,-0.33
LYV,2016,-0.23
LYV,2017,-0.48
LYV,2018,-0.09
CMG,2009,3.95
CMG,2010,5.64
CMG,2011,6.76
CMG,2012,8.75
CMG,2013,10.47
CMG,2014,14.13
CMG,2015,15.1
CMG,2016,0.77
CMG,2017,6.17
CMG,2018,6.31
FIS,2009,0.44
FIS,2010,1.15
FIS,2011,1.53
FIS,2012,1.55
FIS,2013,1.68
FIS,2014,2.35
FIS,2015,2.19
FIS,2016,1.72
FIS,2017,3.93
FIS,2018,2.55
FB,2009,
FB,2010,0.28
FB,2011,0.47
FB,2012,0.02
FB,2013,0.6
FB,2014,1.1
FB,2015,1.29
FB,2016,3.49
FB,2017,5.39
FB,2018,7.57
FANG,2009,
FANG,2010,0.23
FANG,2011,-0.02
FANG,2012,-1.04
FANG,2013,1.29
FANG,2014,3.64
FANG,2015,-8.74
FANG,2016,-2.2
FANG,2017,4.94
FANG,2018,8.06
PSX,2010,1.16
PSX,2011,7.52
PSX,2012,6.48
PSX,2013,6.02
PSX,2014,8.33
PSX,2015,7.73
PSX,2016,2.92
PSX,2017,9.85
PSX,2018,11.8
NOW,2009,
NOW,2010,-0.25
NOW,2011,0.08
NOW,2012,-0.31
NOW,2013,-0.54
NOW,2014,-1.23
NOW,2015,-1.27
NOW,2016,-2.75
NOW,2017,-0.87
NOW,2018,-0.15
WU,2009,
WU,2009,1.21
WU,2010,
WU,2010,1.36
WU,2011,
WU,2011,1.84
WU,2012,
WU,2012,1.69
WU,2013,
WU,2013,1.43
WU,2014,
WU,2014,1.59
WU,2015,
WU,2015,1.62
WU,2016,
WU,2016,0.51
WU,2017,
WU,2017,-1.19
WU,2018,
WU,2018,1.87
HBI,2009,0.54
HBI,2010,2.16
HBI,2011,2.69
HBI,2012,1.64
HBI,2013,3.25
HBI,2014,3.97
HBI,2015,1.06
HBI,2016,1.4
HBI,2017,0.17
HBI,2018,1.52
IPGP,2009,0.12
IPGP,2010,1.13
IPGP,2011,2.41
IPGP,2012,2.81
IPGP,2013,2.97
IPGP,2014,3.79
IPGP,2015,4.53
IPGP,2016,4.85
IPGP,2017,6.36
IPGP,2018,7.38
,2009,
,2010,
,2011,
,2012,
,2013,
,2014,
,2009,
,2010,
,2011,
,2012,
,2013,
,2014,
,2009,
,2010,
,2011,
,2012,
,2013,
,2014,
,2009,
,2010,
,2011,
,2012,
,2013,
,2014,
BR,2009,1.58
BR,2010,1.37
BR,2011,1.32
BR,2012,0.97
BR,2013,1.69
BR,2014,2.12
BR,2015,2.32
BR,2016,2.53
BR,2017,2.7
BR,2018,3.56
TEL,2009,-7.09
TEL,2010,2.41
TEL,2011,2.81
TEL,2012,2.59
TEL,2013,3.02
TEL,2014,4.27
TEL,2015,5.89
TEL,2016,5.44
TEL,2017,4.7
TEL,2018,7.27
DFS,2009,
DFS,2009,2.39
DFS,2010,
DFS,2010,1.22
DFS,2011,
DFS,2011,4.06
DFS,2012,
DFS,2012,4.46
DFS,2013,
DFS,2013,4.96
DFS,2014,
DFS,2014,4.9
DFS,2015,
DFS,2015,5.13
DFS,2016,
DFS,2016,5.77
DFS,2017,
DFS,2017,5.42
DFS,2018,
DFS,2018,7.79
,2009,
,2014,
,2009,
,2014,
,2009,
,2013,
,2014,
CXO,2009,-0.12
CXO,2010,2.18
CXO,2011,5.28
CXO,2012,4.15
CXO,2013,2.39
CXO,2014,4.88
CXO,2015,0.54
CXO,2016,-10.85
CXO,2017,6.41
CXO,2018,13.25
,2009,
,2010,
,2011,
,2012,
,2013,
,2014,
MSCI,2009,0.8
MSCI,2010,0.81
MSCI,2011,1.41
MSCI,2012,1.48
MSCI,2013,1.83
MSCI,2014,2.43
MSCI,2015,2.03
MSCI,2016,2.7
MSCI,2017,3.31
MSCI,2018,5.66
ULTA,2008,0.43
ULTA,2009,0.66
ULTA,2010,1.16
ULTA,2011,1.9
ULTA,2012,2.68
ULTA,2013,3.15
ULTA,2014,3.98
ULTA,2015,4.98
ULTA,2016,6.52
ULTA,2017,8.96
ULTA,2018,10.94
,2009,
,2010,
,2011,
,2012,
,2013,
,2014,
AWK,2009,-1.39
AWK,2010,1.53
AWK,2011,1.75
AWK,2012,2.01
AWK,2013,2.06
AWK,2014,2.35
AWK,2015,2.64
AWK,2016,2.62
AWK,2017,2.38
AWK,2018,3.15
V,2009,
V,2009,3.1
V,2010,
V,2010,4.01
V,2011,
V,2011,5.16
V,2012,
V,2012,3.16
V,2013,
V,2013,7.59
V,2014,
V,2014,8.62
V,2015,
V,2015,2.58
V,2016,
V,2016,2.48
V,2017,
V,2017,2.8
V,2018,
V,2018,4.42
PM,2009,3.24
PM,2010,3.92
PM,2011,4.85
PM,2012,5.17
PM,2013,5.26
PM,2014,4.76
PM,2015,4.42
PM,2016,4.48
PM,2017,3.88
PM,2018,5.08
,2009,
,2010,
,2011,
,2012,
,2013,
,2014,
,2009,
,2010,
,2011,
,2012,
,2013,
,2014,
,2009,
,2013,
,2014,
,2009,
,2010,
,2011,
,2012,
,2013,
,2014,
,2009,
,2010,
,2011,
,2012,
,2013,
,2014,
ATVI,2009,0.09
ATVI,2010,0.33
ATVI,2011,0.92
ATVI,2012,1.01
ATVI,2013,0.95
ATVI,2014,1.13
ATVI,2015,1.19
ATVI,2016,1.28
ATVI,2017,0.36
ATVI,2018,2.35
VRSK,2009,0.73
VRSK,2010,1.3
VRSK,2011,1.63
VRSK,2012,1.92
VRSK,2013,2.02
VRSK,2014,2.37
VRSK,2015,3.01
VRSK,2016,3.45
VRSK,2017,3.29
VRSK,2018,3.56
AVGO,2009,-0.2
AVGO,2010,1.69
AVGO,2011,2.19
AVGO,2012,2.25
AVGO,2013,2.19
AVGO,2014,0.99
AVGO,2015,4.85
AVGO,2016,-4.86
AVGO,2017,4.02
AVGO,2018,28.44
FTNT,2009,0.79
FTNT,2010,0.53
FTNT,2011,0.38
FTNT,2012,0.4
FTNT,2013,0.26
FTNT,2014,0.15
FTNT,2015,0.05
FTNT,2016,0.18
FTNT,2017,0.18
FTNT,2018,1.91
CBOE,2009,
CBOE,2009,1.15
CBOE,2010,
CBOE,2010,0.97
CBOE,2011,
CBOE,2011,1.52
CBOE,2012,
CBOE,2012,1.78
CBOE,2013,
CBOE,2013,1.99
CBOE,2014,
CBOE,2014,2.21
CBOE,2015,
CBOE,2015,2.46
CBOE,2016,
CBOE,2016,2.27
CBOE,2017,
CBOE,2017,3.69
CBOE,2018,
CBOE,2018,3.76
FLT,2009,1.13
FLT,2010,1.37
FLT,2011,1.76
FLT,2012,2.52
FLT,2013,3.36
FLT,2014,4.24
FLT,2015,3.85
FLT,2016,4.75
FLT,2017,7.91
FLT,2018,8.81
HII,2009,
HII,2010,2.77
HII,2011,-1.93
HII,2012,2.91
HII,2013,5.18
HII,2014,6.86
HII,2015,8.36
HII,2016,12.14
HII,2017,10.46
HII,2018,19.09
MPC,2009,1.25
MPC,2010,1.74
MPC,2011,6.67
MPC,2012,9.89
MPC,2013,6.64
MPC,2014,8.78
MPC,2015,5.26
MPC,2016,2.21
MPC,2017,6.7
MPC,2018,5.28
FBHS,2009,-0.27
FBHS,2010,0.37
FBHS,2011,-0.23
FBHS,2012,0.71
FBHS,2013,1.34
FBHS,2014,0.95
FBHS,2015,1.93
FBHS,2016,2.62
FBHS,2017,3.03
FBHS,2018,2.66
XYL,2009,1.44
XYL,2010,1.8
XYL,2011,1.52
XYL,2012,1.59
XYL,2013,1.22
XYL,2014,1.83
XYL,2015,1.87
XYL,2016,1.45
XYL,2017,1.83
XYL,2018,3.03
CPRI,2009,0.21
CPRI,2010,0.38
CPRI,2011,0.77
CPRI,2012,1.97
CPRI,2013,3.22
CPRI,2014,4.28
CPRI,2015,4.44
CPRI,2016,3.29
CPRI,2017,3.82
CPRI,2018,3.58
CBRE,2009,
CBRE,2009,0.12
CBRE,2010,
CBRE,2010,0.63
CBRE,2011,
CBRE,2011,0.74
CBRE,2012,
CBRE,2012,0.97
CBRE,2013,
CBRE,2013,0.95
CBRE,2014,
CBRE,2014,1.45
CBRE,2015,
CBRE,2015,1.63
CBRE,2016,
CBRE,2016,1.69
CBRE,2017,
CBRE,2017,2.03
CBRE,2018,
CBRE,2018,3.1
LYB,2009,-5.08
LYB,2010,17.93
LYB,2011,3.74
LYB,2012,4.92
LYB,2013,6.75
LYB,2014,7.99
LYB,2015,9.59
LYB,2016,9.13
LYB,2017,12.23
LYB,2018,12.01
ALLE,2010,
ALLE,2011,2.15
ALLE,2012,2.17
ALLE,2013,0.32
ALLE,2014,1.8
ALLE,2015,1.59
ALLE,2016,2.36
ALLE,2017,2.85
ALLE,2018,4.54